Name; Types; Abilities; Tier; HP; Attack; Defense; Special Attack; Special Defense; Speed; Next Evolution(s); Moves
Abomasnow;['Grass', 'Ice'];['Snow Warning', 'Soundproof'];PU;90;92;75;92;85;60;[]
Abomasnow-Mega;['Grass', 'Ice'];['Snow Warning'];NUBL;90;132;105;132;105;30;[]
Abra;['Psychic'];['Inner Focus', 'Magic Guard', 'Synchronize'];LC;25;20;15;105;55;90;['Kadabra']
Absol;['Dark'];['Justified', 'Pressure', 'Super Luck'];PU;65;130;60;75;60;75;[]
Absol-Mega;['Dark'];['Magic Bounce'];RUBL;65;150;60;115;60;115;[]
Accelgor;['Bug'];['Hydration', 'Sticky Hold', 'Unburden'];NU;80;70;40;100;60;145;[]
Aegislash;['Steel', 'Ghost'];['Stance Change'];Uber;60;50;150;50;150;60;[]
Aegislash-Blade;['Steel', 'Ghost'];['Stance Change'];Uber;60;150;50;150;50;60;[]
Aerodactyl;['Rock', 'Flying'];['Pressure', 'Rock Head', 'Unnerve'];RU;80;105;65;60;75;130;[]
Aerodactyl-Mega;['Rock', 'Flying'];['Tough Claws'];UU;80;135;85;70;95;150;[]
Aggron;['Rock', 'Steel'];['Heavy Metal', 'Rock Head', 'Sturdy'];PU;70;110;180;60;60;50;[]
Aggron-Mega;['Steel'];['Filter'];UU;70;140;230;60;80;50;[]
Aipom;['Normal'];['Pickup', 'Run Away', 'Skill Link'];;55;70;55;40;55;85;['Ambipom']
Alakazam;['Psychic'];['Inner Focus', 'Magic Guard', 'Synchronize'];UUBL;55;50;45;135;95;120;[]
Alakazam-Mega;['Psychic'];['Trace'];OU;55;50;65;175;105;150;[]
Alomomola;['Water'];['Healer', 'Hydration', 'Regenerator'];UU;165;75;80;40;45;65;[]
Altaria;['Dragon', 'Flying'];['Cloud Nine', 'Natural Cure'];NU;75;70;90;70;105;80;[]
Altaria-Mega;['Dragon', 'Fairy'];['Pixilate'];UU;75;110;110;110;105;80;[]
Amaura;['Rock', 'Ice'];['Refrigerate', 'Snow Warning'];LC;77;59;50;67;63;46;['Aurorus']
Ambipom;['Normal'];['Pickup', 'Skill Link', 'Technician'];NU;75;100;66;60;66;115;[]
Amoonguss;['Grass', 'Poison'];['Effect Spore', 'Regenerator'];OU;114;85;70;85;80;30;[]
Ampharos;['Electric'];['Plus', 'Static'];PU;90;75;85;115;90;55;[]
Ampharos-Mega;['Electric', 'Dragon'];['Mold Breaker'];RU;90;95;105;165;110;45;[]
Anorith;['Bug', 'Rock'];['Battle Armor', 'Swift Swim'];LC;45;95;50;40;50;75;['Armaldo']
Araquanid;['Water', 'Bug'];['Water Absorb', 'Water Bubble'];RU;68;70;92;50;132;42;[]
Arbok;['Poison'];['Intimidate', 'Shed Skin', 'Unnerve'];PU;60;95;69;65;79;80;[]
Arcanine;['Fire'];['Flash Fire', 'Intimidate', 'Justified'];UU;90;110;80;100;80;95;[]
Arceus;['Normal'];['Multitype'];Uber;120;120;120;120;120;120;[]
Archen;['Rock', 'Flying'];['Defeatist'];LC;55;112;45;74;45;70;['Archeops']
Archeops;['Rock', 'Flying'];['Defeatist'];PUBL;75;140;65;112;65;110;[]
Ariados;['Bug', 'Poison'];['Insomnia', 'Sniper', 'Swarm'];PU;70;90;70;60;70;40;[]
Armaldo;['Bug', 'Rock'];['Battle Armor', 'Swift Swim'];PU;75;125;100;70;80;45;[]
Aromatisse;['Fairy'];['Aroma Veil', 'Healer'];NU;101;72;72;99;89;29;[]
Aron;['Rock', 'Steel'];['Heavy Metal', 'Rock Head', 'Sturdy'];LC;50;70;100;40;40;30;['Lairon']
Articuno;['Ice', 'Flying'];['Pressure', 'Snow Cloak'];PU;90;85;100;95;125;85;[]
Audino;['Normal'];['Healer', 'Klutz', 'Regenerator'];PU;103;60;86;60;86;50;[]
Audino-Mega;['Normal', 'Fairy'];['Healer'];NU;103;60;126;80;126;50;[]
Aurorus;['Rock', 'Ice'];['Refrigerate', 'Snow Warning'];PU;123;77;72;99;92;58;[]
Avalugg;['Ice'];['Ice Body', 'Own Tempo', 'Sturdy'];PU;95;117;184;44;46;28;[]
Axew;['Dragon'];['Mold Breaker', 'Rivalry', 'Unnerve'];LC;46;87;60;30;40;57;['Fraxure']
Azelf;['Psychic'];['Levitate'];UU;75;125;70;125;70;115;[]
Azumarill;['Water', 'Fairy'];['Huge Power', 'Sap Sipper', 'Thick Fat'];UUBL;100;50;80;60;80;50;[]
Azurill;['Normal', 'Fairy'];['Huge Power', 'Sap Sipper', 'Thick Fat'];LC;50;20;40;20;40;20;['Marill']
Bagon;['Dragon'];['Rock Head', 'Sheer Force'];LC;45;75;60;40;30;50;['Shelgon']
Baltoy;['Ground', 'Psychic'];['Levitate'];LC;40;40;55;40;70;55;['Claydol']
Banette;['Ghost'];['Cursed Body', 'Frisk', 'Insomnia'];PU;64;115;65;83;63;65;[]
Banette-Mega;['Ghost'];['Prankster'];RU;64;165;75;93;83;75;[]
Barbaracle;['Rock', 'Water'];['Pickpocket', 'Sniper', 'Tough Claws'];NUBL;72;105;115;54;86;68;[]
Barboach;['Ground', 'Water'];['Anticipation', 'Hydration', 'Oblivious'];LC;50;48;43;46;41;60;['Whiscash']
Basculin;['Water'];['Adaptability', 'Mold Breaker', 'Reckless', 'Rock Head'];PU;70;92;65;80;55;98;[]
Bastiodon;['Rock', 'Steel'];['Soundproof', 'Sturdy'];PU;60;52;168;47;138;30;[]
Bayleef;['Grass'];['Leaf Guard', 'Overgrow'];;60;62;80;63;80;60;['Meganium']
Beartic;['Ice'];['Slush Rush', 'Snow Cloak', 'Swift Swim'];PU;95;130;80;70;80;50;[]
Beautifly;['Bug', 'Flying'];['Rivalry', 'Swarm'];PU;60;70;50;100;50;65;[]
Beedrill;['Bug', 'Poison'];['Sniper', 'Swarm'];PU;65;90;40;45;80;75;[]
Beedrill-Mega;['Bug', 'Poison'];['Adaptability'];UU;65;150;40;15;80;145;[]
Beheeyem;['Psychic'];['Analytic', 'Synchronize', 'Telepathy'];PU;75;75;75;125;95;40;[]
Beldum;['Psychic', 'Steel'];['Clear Body', 'Light Metal'];LC;40;55;80;35;60;30;['Metang']
Bellossom;['Grass'];['Chlorophyll', 'Healer'];PU;75;80;95;90;100;50;[]
Bellsprout;['Grass', 'Poison'];['Chlorophyll', 'Gluttony'];LC;50;75;35;70;30;40;['Weepinbell']
Bergmite;['Ice'];['Ice Body', 'Own Tempo', 'Sturdy'];LC;56;69;86;32;36;28;['Avalugg']
Bewear;['Normal', 'Fighting'];['Fluffy', 'Klutz', 'Unnerve'];RU;120;125;80;55;60;60;[]
Bibarel;['Normal', 'Water'];['Moody', 'Simple', 'Unaware'];PU;79;85;60;55;60;71;[]
Bidoof;['Normal'];['Moody', 'Simple', 'Unaware'];LC;59;45;40;35;40;31;['Bibarel']
Binacle;['Rock', 'Water'];['Pickpocket', 'Sniper', 'Tough Claws'];LC;42;52;67;39;56;50;['Barbaracle']
Bisharp;['Dark', 'Steel'];['Defiant', 'Inner Focus', 'Pressure'];OU;65;125;100;60;70;70;[]
Blacephalon;['Fire', 'Ghost'];['Beast Boost'];OU;53;127;53;151;79;107;[]
Blastoise;['Water'];['Rain Dish', 'Torrent'];NU;79;83;100;85;105;78;[]
Blastoise-Mega;['Water'];['Mega Launcher'];RU;79;103;120;135;115;78;[]
Blaziken;['Fire', 'Fighting'];['Blaze', 'Speed Boost'];Uber;80;120;70;110;70;80;[]
Blaziken-Mega;['Fire', 'Fighting'];['Speed Boost'];Uber;80;160;80;130;80;100;[]
Blissey;['Normal'];['Healer', 'Natural Cure', 'Serene Grace'];UU;255;10;10;75;135;55;[]
Blitzle;['Electric'];['Lightning Rod', 'Motor Drive', 'Sap Sipper'];LC;45;60;32;50;32;76;['Zebstrika']
Boldore;['Rock'];['Sand Force', 'Sturdy', 'Weak Armor'];;70;105;105;50;40;20;['Gigalith']
Bonsly;['Rock'];['Rattled', 'Rock Head', 'Sturdy'];LC;50;80;95;10;45;10;['Sudowoodo']
Bouffalant;['Normal'];['Reckless', 'Sap Sipper', 'Soundproof'];PU;95;110;95;40;95;55;[]
Bounsweet;['Grass'];['Leaf Guard', 'Oblivious', 'Sweet Veil'];LC;42;30;38;30;38;32;['Steenee']
Braixen;['Fire'];['Blaze', 'Magician'];;59;59;58;90;70;73;['Delphox']
Braviary;['Flying', 'Normal'];['Defiant', 'Keen Eye', 'Sheer Force'];NU;100;123;75;57;75;80;[]
Breloom;['Fighting', 'Grass'];['Effect Spore', 'Poison Heal', 'Technician'];UU;60;130;80;60;60;70;[]
Brionne;['Water'];['Liquid Voice', 'Torrent'];;60;69;69;91;81;50;['Primarina']
Bronzong;['Psychic', 'Steel'];['Heatproof', 'Heavy Metal', 'Levitate'];RU;67;89;116;79;116;33;[]
Bronzor;['Psychic', 'Steel'];['Heatproof', 'Heavy Metal', 'Levitate'];LC;57;24;86;24;86;23;['Bronzong']
Bruxish;['Psychic', 'Water'];['Dazzling', 'Strong Jaw', 'Wonder Skin'];NUBL;68;105;70;70;70;92;[]
Budew;['Grass', 'Poison'];['Leaf Guard', 'Natural Cure', 'Poison Point'];LC;40;30;35;50;70;55;['Roselia']
Buizel;['Water'];['Swift Swim', 'Water Veil'];LC;55;65;35;60;30;85;['Floatzel']
Bulbasaur;['Grass', 'Poison'];['Chlorophyll', 'Overgrow'];LC;45;49;49;65;65;45;['Ivysaur']
Buneary;['Normal'];['Klutz', 'Limber', 'Run Away'];LC;55;66;44;44;56;85;['Lopunny']
Bunnelby;['Normal'];['Cheek Pouch', 'Huge Power', 'Pickup'];LC;38;36;38;32;36;57;['Diggersby']
Burmy;['Bug'];['Overcoat', 'Shed Skin'];LC;40;29;45;29;45;36;['Mothim', 'Wormadam', 'Wormadam-Sandy', 'Wormadam-Trash']
Butterfree;['Bug', 'Flying'];['Compound Eyes', 'Tinted Lens'];PU;60;45;50;90;80;70;[]
Buzzwole;['Bug', 'Fighting'];['Beast Boost'];UUBL;107;139;139;53;53;79;[]
Cacnea;['Grass'];['Sand Veil', 'Water Absorb'];LC;50;85;40;85;40;35;['Cacturne']
Cacturne;['Dark', 'Grass'];['Sand Veil', 'Water Absorb'];PU;70;115;60;115;60;55;[]
Camerupt;['Fire', 'Ground'];['Anger Point', 'Magma Armor', 'Solid Rock'];PU;70;100;70;105;75;40;[]
Camerupt-Mega;['Fire', 'Ground'];['Sheer Force'];NUBL;70;120;100;145;105;20;[]
Carbink;['Rock', 'Fairy'];['Clear Body', 'Sturdy'];PU;50;50;150;50;150;50;[]
Carnivine;['Grass'];['Levitate'];PU;74;100;72;90;72;46;[]
Carracosta;['Rock', 'Water'];['Solid Rock', 'Sturdy', 'Swift Swim'];PU;74;108;133;83;65;32;[]
Carvanha;['Dark', 'Water'];['Rough Skin', 'Speed Boost'];LC;45;90;20;65;20;65;['Sharpedo']
Cascoon;['Bug'];['Shed Skin'];;50;35;55;25;25;15;['Dustox']
Castform;['Normal'];['Forecast'];PU;70;70;70;70;70;70;[]
Caterpie;['Bug'];['Run Away', 'Shield Dust'];LC;45;30;35;20;20;45;['Metapod']
Celebi;['Grass', 'Psychic'];['Natural Cure'];UU;100;100;100;100;100;100;[]
Celesteela;['Steel', 'Flying'];['Beast Boost'];OU;97;101;103;107;101;61;[]
Chandelure;['Fire', 'Ghost'];['Flame Body', 'Flash Fire', 'Infiltrator'];UU;60;55;90;145;90;80;[]
Chansey;['Normal'];['Healer', 'Natural Cure', 'Serene Grace'];OU;250;5;5;35;105;50;['Blissey']
Charizard;['Fire', 'Flying'];['Blaze', 'Solar Power'];PUBL;78;84;78;109;85;100;[]
Charizard-Mega-X;['Fire', 'Dragon'];['Tough Claws'];OU;78;130;111;130;85;100;[]
Charizard-Mega-Y;['Fire', 'Flying'];['Drought'];UUBL;78;104;78;159;115;100;[]
Charjabug;['Bug', 'Electric'];['Battery'];;57;82;95;55;75;36;['Vikavolt']
Charmander;['Fire'];['Blaze', 'Solar Power'];LC;39;52;43;60;50;65;['Charmeleon']
Charmeleon;['Fire'];['Blaze', 'Solar Power'];;58;64;58;80;65;80;['Charizard']
Chatot;['Flying', 'Normal'];['Big Pecks', 'Keen Eye', 'Tangled Feet'];PU;76;65;45;92;42;91;[]
Cherrim;['Grass'];['Flower Gift'];PU;70;60;70;87;78;85;[]
Cherubi;['Grass'];['Chlorophyll'];LC;45;35;45;62;53;35;['Cherrim']
Chesnaught;['Grass', 'Fighting'];['Bulletproof', 'Overgrow'];RU;88;107;122;74;75;64;[]
Chespin;['Grass'];['Bulletproof', 'Overgrow'];LC;56;61;65;48;45;38;['Quilladin']
Chikorita;['Grass'];['Leaf Guard', 'Overgrow'];LC;45;49;65;49;65;45;['Bayleef']
Chimchar;['Fire'];['Blaze', 'Iron Fist'];LC;44;58;44;58;44;61;['Monferno']
Chimecho;['Psychic'];['Levitate'];PU;75;50;80;95;90;65;[]
Chinchou;['Electric', 'Water'];['Illuminate', 'Volt Absorb', 'Water Absorb'];LC;75;38;38;56;56;67;['Lanturn']
Chingling;['Psychic'];['Levitate'];LC;45;30;50;65;50;45;['Chimecho']
Cinccino;['Normal'];['Cute Charm', 'Skill Link', 'Technician'];NU;75;95;60;65;60;115;[]
Clamperl;['Water'];['Rattled', 'Shell Armor'];LC;35;64;85;74;55;32;['Gorebyss', 'Huntail']
Clauncher;['Water'];['Mega Launcher'];LC;50;53;62;58;63;44;['Clawitzer']
Clawitzer;['Water'];['Mega Launcher'];NU;71;73;88;120;89;59;[]
Claydol;['Ground', 'Psychic'];['Levitate'];PU;60;70;105;70;120;75;[]
Clefable;['Fairy'];['Cute Charm', 'Magic Guard', 'Unaware'];OU;95;70;73;95;90;60;[]
Clefairy;['Fairy'];['Cute Charm', 'Friend Guard', 'Magic Guard'];PU;70;45;48;60;65;35;['Clefable']
Cleffa;['Fairy'];['Cute Charm', 'Friend Guard', 'Magic Guard'];LC;50;25;28;45;55;15;['Clefairy']
Cloyster;['Ice', 'Water'];['Overcoat', 'Shell Armor', 'Skill Link'];RU;50;95;180;85;45;70;[]
Cobalion;['Fighting', 'Steel'];['Justified'];UU;91;90;129;90;72;108;[]
Cofagrigus;['Ghost'];['Mummy'];NUBL;58;50;145;95;105;30;[]
Combee;['Bug', 'Flying'];['Honey Gather', 'Hustle'];LC;30;30;42;30;42;70;['Vespiquen']
Combusken;['Fighting', 'Fire'];['Blaze', 'Speed Boost'];;60;85;60;85;60;55;['Blaziken']
Comfey;['Fairy'];['Flower Veil', 'Natural Cure', 'Triage'];NU;51;52;90;82;110;100;[]
Conkeldurr;['Fighting'];['Guts', 'Iron Fist', 'Sheer Force'];UUBL;105;140;95;55;65;45;[]
Corphish;['Water'];['Adaptability', 'Hyper Cutter', 'Shell Armor'];LC;43;80;65;50;35;35;['Crawdaunt']
Corsola;['Rock', 'Water'];['Hustle', 'Natural Cure', 'Regenerator'];PU;65;55;95;65;95;35;[]
Cosmoem;['Psychic'];['Sturdy'];;43;29;131;29;131;37;['Lunala', 'Solgaleo']
Cosmog;['Psychic'];['Unaware'];LC;43;29;31;29;31;37;['Cosmoem']
Cottonee;['Grass', 'Fairy'];['Chlorophyll', 'Infiltrator', 'Prankster'];LC;40;27;60;37;50;66;['Whimsicott']
Crabominable;['Fighting', 'Ice'];['Anger Point', 'Hyper Cutter', 'Iron Fist'];PU;97;132;77;62;67;43;[]
Crabrawler;['Fighting'];['Anger Point', 'Hyper Cutter', 'Iron Fist'];LC;47;82;57;42;47;63;['Crabominable']
Cradily;['Grass', 'Rock'];['Storm Drain', 'Suction Cups'];PU;86;81;97;81;107;43;[]
Cranidos;['Rock'];['Mold Breaker', 'Sheer Force'];LC;67;125;40;30;30;58;['Rampardos']
Crawdaunt;['Dark', 'Water'];['Adaptability', 'Hyper Cutter', 'Shell Armor'];UU;63;120;85;90;55;55;[]
Cresselia;['Psychic'];['Levitate'];RU;120;70;120;75;130;85;[]
Croagunk;['Fighting', 'Poison'];['Anticipation', 'Dry Skin', 'Poison Touch'];LC;48;61;40;61;40;50;['Toxicroak']
Crobat;['Flying', 'Poison'];['Infiltrator', 'Inner Focus'];UU;85;90;80;70;80;130;[]
Croconaw;['Water'];['Sheer Force', 'Torrent'];;65;80;80;59;63;58;['Feraligatr']
Crustle;['Bug', 'Rock'];['Shell Armor', 'Sturdy', 'Weak Armor'];PU;70;105;125;65;75;45;[]
Cryogonal;['Ice'];['Levitate'];NU;80;50;50;95;135;105;[]
Cubchoo;['Ice'];['Rattled', 'Slush Rush', 'Snow Cloak'];LC;55;70;40;60;40;40;['Beartic']
Cubone;['Ground'];['Battle Armor', 'Lightning Rod', 'Rock Head'];LC;50;50;95;40;50;35;['Marowak', 'Marowak-Alola']
Cutiefly;['Bug', 'Fairy'];['Honey Gather', 'Shield Dust', 'Sweet Veil'];;40;45;40;55;40;84;['Ribombee']
Cyndaquil;['Fire'];['Blaze', 'Flash Fire'];LC;39;52;43;60;50;65;['Quilava']
Darkrai;['Dark'];['Bad Dreams'];Uber;70;90;90;135;90;125;[]
Darmanitan;['Fire'];['Sheer Force', 'Zen Mode'];UU;105;140;55;30;55;95;[]
Darmanitan-Zen;['Fire', 'Psychic'];['Zen Mode'];UU;105;30;105;140;105;55;[]
Dartrix;['Grass', 'Flying'];['Long Reach', 'Overgrow'];;78;75;75;70;70;52;['Decidueye']
Darumaka;['Fire'];['Hustle', 'Inner Focus'];LC;70;90;45;15;45;50;['Darmanitan']
Decidueye;['Grass', 'Ghost'];['Long Reach', 'Overgrow'];RU;78;107;75;100;100;70;[]
Dedenne;['Electric', 'Fairy'];['Cheek Pouch', 'Pickup', 'Plus'];PU;67;58;57;81;67;101;[]
Deerling;['Grass', 'Normal'];['Chlorophyll', 'Sap Sipper', 'Serene Grace'];LC;60;60;50;40;50;75;['Sawsbuck']
Deino;['Dark', 'Dragon'];['Hustle'];LC;52;65;50;45;50;38;['Zweilous']
Delcatty;['Normal'];['Cute Charm', 'Normalize', 'Wonder Skin'];PU;70;65;65;55;55;90;[]
Delibird;['Flying', 'Ice'];['Hustle', 'Insomnia', 'Vital Spirit'];PU;45;55;45;65;45;75;[]
Delphox;['Fire', 'Psychic'];['Blaze', 'Magician'];NU;75;69;72;114;100;104;[]
Deoxys;['Psychic'];['Pressure'];Uber;50;150;50;150;50;150;[]
Deoxys-Attack;['Psychic'];['Pressure'];Uber;50;180;20;180;20;150;[]
Deoxys-Defense;['Psychic'];['Pressure'];Uber;50;70;160;70;160;90;[]
Deoxys-Speed;['Psychic'];['Pressure'];Uber;50;95;90;95;90;180;[]
Dewgong;['Ice', 'Water'];['Hydration', 'Ice Body', 'Thick Fat'];PU;90;70;80;70;95;70;[]
Dewott;['Water'];['Shell Armor', 'Torrent'];;75;75;60;83;60;60;['Samurott']
Dewpider;['Water', 'Bug'];['Water Absorb', 'Water Bubble'];LC;38;40;52;40;72;27;['Araquanid']
Dhelmise;['Ghost', 'Grass'];['Steelworker'];RU;70;131;100;86;90;40;[]
Dialga;['Dragon', 'Steel'];['Pressure', 'Telepathy'];Uber;100;120;120;150;100;90;[]
Diancie;['Rock', 'Fairy'];['Clear Body'];NU;50;100;150;100;150;50;[]
Diancie-Mega;['Rock', 'Fairy'];['Magic Bounce'];OU;50;160;110;160;110;110;[]
Diggersby;['Normal', 'Ground'];['Cheek Pouch', 'Huge Power', 'Pickup'];UUBL;85;56;77;50;77;78;[]
Diglett;['Ground'];['Arena Trap', 'Sand Force', 'Sand Veil'];LC;10;55;25;35;45;95;['Dugtrio']
Diglett-Alola;['Ground', 'Steel'];['Sand Force', 'Sand Veil', 'Tangling Hair'];LC;10;55;30;35;45;90;['Dugtrio-Alola']
Ditto;['Normal'];['Imposter', 'Limber'];PU;48;48;48;48;48;48;[]
Dodrio;['Flying', 'Normal'];['Early Bird', 'Run Away', 'Tangled Feet'];NU;60;110;70;60;60;110;[]
Doduo;['Flying', 'Normal'];['Early Bird', 'Run Away', 'Tangled Feet'];LC;35;85;45;35;35;75;['Dodrio']
Donphan;['Ground'];['Sand Veil', 'Sturdy'];RU;90;120;120;60;60;50;[]
Doublade;['Steel', 'Ghost'];['No Guard'];RU;59;110;150;45;49;35;['Aegislash']
Dragalge;['Poison', 'Dragon'];['Adaptability', 'Poison Point', 'Poison Touch'];RU;65;75;90;97;123;44;[]
Dragonair;['Dragon'];['Marvel Scale', 'Shed Skin'];;61;84;65;70;70;70;['Dragonite']
Dragonite;['Dragon', 'Flying'];['Inner Focus', 'Multiscale'];UUBL;91;134;95;100;100;80;[]
Drampa;['Normal', 'Dragon'];['Berserk', 'Cloud Nine', 'Sap Sipper'];PU;78;60;85;135;91;36;[]
Drapion;['Dark', 'Poison'];['Battle Armor', 'Keen Eye', 'Sniper'];RU;70;90;110;60;75;95;[]
Dratini;['Dragon'];['Marvel Scale', 'Shed Skin'];LC;41;64;45;50;50;50;['Dragonair']
Drifblim;['Flying', 'Ghost'];['Aftermath', 'Flare Boost', 'Unburden'];PU;150;80;44;90;54;80;[]
Drifloon;['Flying', 'Ghost'];['Aftermath', 'Flare Boost', 'Unburden'];;90;50;34;60;44;70;['Drifblim']
Drilbur;['Ground'];['Mold Breaker', 'Sand Force', 'Sand Rush'];LC;60;85;40;30;45;68;['Excadrill']
Drowzee;['Psychic'];['Forewarn', 'Inner Focus', 'Insomnia'];LC;60;48;45;43;90;42;['Hypno']
Druddigon;['Dragon'];['Mold Breaker', 'Rough Skin', 'Sheer Force'];NU;77;120;90;60;90;48;[]
Ducklett;['Flying', 'Water'];['Big Pecks', 'Hydration', 'Keen Eye'];LC;62;44;50;44;50;55;['Swanna']
Dugtrio;['Ground'];['Arena Trap', 'Sand Force', 'Sand Veil'];PU;35;100;50;50;70;120;[]
Dugtrio-Alola;['Ground', 'Steel'];['Sand Force', 'Sand Veil', 'Tangling Hair'];PU;35;100;60;50;70;110;[]
Dunsparce;['Normal'];['Rattled', 'Run Away', 'Serene Grace'];PU;100;70;70;65;65;45;[]
Duosion;['Psychic'];['Magic Guard', 'Overcoat', 'Regenerator'];;65;40;50;125;60;30;['Reuniclus']
Durant;['Bug', 'Steel'];['Hustle', 'Swarm', 'Truant'];RUBL;58;109;112;48;48;109;[]
Dusclops;['Ghost'];['Frisk', 'Pressure'];;40;70;130;60;130;25;['Dusknoir']
Dusknoir;['Ghost'];['Frisk', 'Pressure'];PU;45;100;135;65;135;45;[]
Duskull;['Ghost'];['Frisk', 'Levitate'];LC;20;40;90;30;90;25;['Dusclops']
Dustox;['Bug', 'Poison'];['Compound Eyes', 'Shield Dust'];PU;60;50;70;50;90;65;[]
Dwebble;['Bug', 'Rock'];['Shell Armor', 'Sturdy', 'Weak Armor'];LC;50;65;85;35;35;55;['Crustle']
Eelektrik;['Electric'];['Levitate'];;65;85;70;75;70;40;['Eelektross']
Eelektross;['Electric'];['Levitate'];PU;85;115;80;105;80;50;[]
Eevee;['Normal'];['Adaptability', 'Anticipation', 'Run Away'];LC;55;55;50;45;65;55;['Espeon', 'Flareon', 'Glaceon', 'Jolteon', 'Leafeon', 'Sylveon', 'Umbreon', 'Vaporeon']
Ekans;['Poison'];['Intimidate', 'Shed Skin', 'Unnerve'];LC;35;60;44;40;54;55;['Arbok']
Electabuzz;['Electric'];['Static', 'Vital Spirit'];;65;83;57;95;85;105;['Electivire']
Electivire;['Electric'];['Motor Drive', 'Vital Spirit'];PU;75;123;67;95;85;95;[]
Electrike;['Electric'];['Lightning Rod', 'Minus', 'Static'];LC;40;45;40;65;40;65;['Manectric']
Electrode;['Electric'];['Aftermath', 'Soundproof', 'Static'];PU;60;50;70;80;80;150;[]
Elekid;['Electric'];['Static', 'Vital Spirit'];LC;45;63;37;65;55;95;['Electabuzz']
Elgyem;['Psychic'];['Analytic', 'Synchronize', 'Telepathy'];LC;55;55;55;85;55;30;['Beheeyem']
Emboar;['Fighting', 'Fire'];['Blaze', 'Reckless'];RU;110;123;65;100;65;65;[]
Emolga;['Electric', 'Flying'];['Motor Drive', 'Static'];PU;55;75;60;75;60;103;[]
Empoleon;['Steel', 'Water'];['Defiant', 'Torrent'];UU;84;86;88;111;101;60;[]
Entei;['Fire'];['Pressure'];RU;115;115;85;90;75;100;[]
Escavalier;['Bug', 'Steel'];['Overcoat', 'Shell Armor', 'Swarm'];RU;70;135;105;60;105;20;[]
Espeon;['Psychic'];['Magic Bounce', 'Synchronize'];RU;65;65;60;130;95;110;[]
Espurr;['Psychic'];['Infiltrator', 'Keen Eye', 'Own Tempo'];LC;62;48;54;63;60;68;['Meowstic-F', 'Meowstic-M']
Excadrill;['Ground', 'Steel'];['Mold Breaker', 'Sand Force', 'Sand Rush'];OU;110;135;60;50;65;88;[]
Exeggcute;['Grass', 'Psychic'];['Chlorophyll', 'Harvest'];LC;60;40;80;60;45;40;['Exeggutor', 'Exeggutor-Alola']
Exeggutor;['Grass', 'Psychic'];['Chlorophyll', 'Harvest'];PU;95;95;85;125;75;55;[]
Exeggutor-Alola;['Grass', 'Dragon'];['Frisk', 'Harvest'];PU;95;105;85;125;75;45;[]
Exploud;['Normal'];['Scrappy', 'Soundproof'];NUBL;104;91;63;91;73;68;[]
Farfetch'd;['Normal', 'Flying'];['Defiant', 'Inner Focus', 'Keen Eye'];PU;52;90;55;58;62;60;[]
Fearow;['Flying', 'Normal'];['Keen Eye', 'Sniper'];PU;65;90;65;61;61;100;[]
Feebas;['Water'];['Adaptability', 'Oblivious', 'Swift Swim'];LC;20;15;20;10;55;80;['Milotic']
Fennekin;['Fire'];['Blaze', 'Magician'];LC;40;45;40;62;60;60;['Braixen']
Feraligatr;['Water'];['Sheer Force', 'Torrent'];RU;85;105;100;79;83;78;[]
Ferroseed;['Grass', 'Steel'];['Iron Barbs'];PU;44;50;91;24;86;10;['Ferrothorn']
Ferrothorn;['Grass', 'Steel'];['Anticipation', 'Iron Barbs'];OU;74;94;131;54;116;20;[]
Finneon;['Water'];['Storm Drain', 'Swift Swim', 'Water Veil'];LC;49;49;56;49;61;66;['Lumineon']
Flaaffy;['Electric'];['Plus', 'Static'];;70;55;55;80;60;45;['Ampharos']
Flabebe;['Fairy'];['Flower Veil', 'Symbiosis'];LC;44;38;39;61;79;42;['Floette', 'Floette-Eternal']
Flareon;['Fire'];['Flash Fire', 'Guts'];PU;65;130;60;95;110;65;[]
Fletchinder;['Fire', 'Flying'];['Flame Body', 'Gale Wings'];;62;73;55;56;52;84;['Talonflame']
Fletchling;['Normal', 'Flying'];['Big Pecks', 'Gale Wings'];LC;45;50;43;40;38;62;['Fletchinder']
Floatzel;['Water'];['Swift Swim', 'Water Veil'];PU;85;105;55;85;50;115;[]
Floette;['Fairy'];['Flower Veil', 'Symbiosis'];;54;45;47;75;98;52;['Florges']
Floette-Eternal;['Fairy'];['Flower Veil', 'Symbiosis'];Limbo;74;65;67;125;128;92;[]
Florges;['Fairy'];['Flower Veil', 'Symbiosis'];RU;78;65;68;112;154;75;[]
Flygon;['Dragon', 'Ground'];['Levitate'];RU;80;100;80;80;80;100;[]
Fomantis;['Grass'];['Contrary', 'Leaf Guard'];LC;40;55;35;50;35;35;['Lurantis']
Foongus;['Grass', 'Poison'];['Effect Spore', 'Regenerator'];LC;69;55;45;55;55;15;['Amoonguss']
Forretress;['Bug', 'Steel'];['Overcoat', 'Sturdy'];RU;75;90;140;60;60;40;[]
Fraxure;['Dragon'];['Mold Breaker', 'Rivalry', 'Unnerve'];;66;117;70;40;50;67;['Haxorus']
Frillish;['Ghost', 'Water'];['Cursed Body', 'Damp', 'Water Absorb'];LC;55;40;50;65;85;40;['Jellicent']
Froakie;['Water'];['Protean', 'Torrent'];LC;41;56;41;62;44;71;['Frogadier']
Frogadier;['Water'];['Protean', 'Torrent'];;54;63;52;83;56;97;['Greninja']
Froslass;['Ghost', 'Ice'];['Cursed Body', 'Snow Cloak'];NU;70;80;70;80;70;110;[]
Furfrou;['Normal'];['Fur Coat'];PU;75;80;60;65;90;102;[]
Furret;['Normal'];['Frisk', 'Keen Eye', 'Run Away'];PU;85;76;64;45;55;90;[]
Gabite;['Dragon', 'Ground'];['Rough Skin', 'Sand Veil'];;68;90;65;50;55;82;['Garchomp']
Gallade;['Fighting', 'Psychic'];['Justified', 'Steadfast'];PUBL;68;125;65;65;115;80;[]
Gallade-Mega;['Psychic', 'Fighting'];['Inner Focus'];UUBL;68;165;95;65;115;110;[]
Galvantula;['Bug', 'Electric'];['Compound Eyes', 'Swarm', 'Unnerve'];RU;70;77;60;97;60;108;[]
Garbodor;['Poison'];['Aftermath', 'Stench', 'Weak Armor'];NU;80;95;82;60;82;75;[]
Garchomp;['Dragon', 'Ground'];['Rough Skin', 'Sand Veil'];OU;108;130;95;80;85;102;[]
Garchomp-Mega;['Dragon', 'Ground'];['Sand Force'];OU;108;170;115;120;95;92;[]
Gardevoir;['Psychic', 'Fairy'];['Synchronize', 'Telepathy', 'Trace'];RU;68;65;65;125;115;80;[]
Gardevoir-Mega;['Psychic', 'Fairy'];['Pixilate'];UUBL;68;85;65;165;135;100;[]
Gastly;['Ghost', 'Poison'];['Levitate'];LC;30;35;30;100;35;80;['Haunter']
Gastrodon;['Ground', 'Water'];['Sand Force', 'Sticky Hold', 'Storm Drain'];PU;111;83;68;92;82;39;[]
Genesect;['Bug', 'Steel'];['Download'];Uber;71;120;95;120;95;99;[]
Gengar;['Ghost', 'Poison'];['Cursed Body'];UU;60;65;60;130;75;110;[]
Gengar-Mega;['Ghost', 'Poison'];['Shadow Tag'];Uber;60;65;80;170;95;130;[]
Geodude;['Ground', 'Rock'];['Rock Head', 'Sand Veil', 'Sturdy'];LC;40;80;100;30;30;20;['Graveler']
Geodude-Alola;['Rock', 'Electric'];['Galvanize', 'Magnet Pull', 'Sturdy'];LC;40;80;100;30;30;20;['Graveler-Alola']
Gible;['Dragon', 'Ground'];['Rough Skin', 'Sand Veil'];LC;58;70;45;40;45;42;['Gabite']
Gigalith;['Rock'];['Sand Force', 'Sand Stream', 'Sturdy'];NU;85;135;130;60;80;25;[]
Girafarig;['Normal', 'Psychic'];['Early Bird', 'Inner Focus', 'Sap Sipper'];PU;70;80;65;90;65;85;[]
Giratina;['Dragon', 'Ghost'];['Pressure', 'Telepathy'];Uber;150;100;120;100;120;90;['Giratina-Origin']
Giratina-Origin;['Dragon', 'Ghost'];['Levitate'];Uber;150;120;100;120;100;90;[]
Glaceon;['Ice'];['Ice Body', 'Snow Cloak'];PU;65;60;110;130;95;65;[]
Glalie;['Ice'];['Ice Body', 'Inner Focus', 'Moody'];PU;80;80;80;80;80;80;[]
Glalie-Mega;['Ice'];['Refrigerate'];RU;80;120;80;120;80;100;[]
Glameow;['Normal'];['Keen Eye', 'Limber', 'Own Tempo'];LC;49;55;42;42;37;85;['Purugly']
Gligar;['Ground', 'Flying'];['Hyper Cutter', 'Immunity', 'Sand Veil'];RU;65;75;105;35;65;85;['Gliscor']
Gliscor;['Ground', 'Flying'];['Hyper Cutter', 'Poison Heal', 'Sand Veil'];UU;75;95;125;45;75;95;[]
Gloom;['Grass', 'Poison'];['Chlorophyll', 'Stench'];;60;65;70;85;75;40;['Bellossom', 'Vileplume']
Gogoat;['Grass'];['Grass Pelt', 'Sap Sipper'];PU;123;100;62;97;81;68;[]
Golbat;['Flying', 'Poison'];['Infiltrator', 'Inner Focus'];NU;75;80;70;65;75;90;['Crobat']
Goldeen;['Water'];['Lightning Rod', 'Swift Swim', 'Water Veil'];LC;45;67;60;35;50;63;['Seaking']
Golduck;['Water'];['Cloud Nine', 'Damp', 'Swift Swim'];PU;80;82;78;95;80;85;[]
Golem;['Ground', 'Rock'];['Rock Head', 'Sand Veil', 'Sturdy'];PU;80;120;130;55;65;45;[]
Golem-Alola;['Rock', 'Electric'];['Galvanize', 'Magnet Pull', 'Sturdy'];PU;80;120;130;55;65;45;[]
Golett;['Ghost', 'Ground'];['Iron Fist', 'Klutz', 'No Guard'];LC;59;74;50;35;50;35;['Golurk']
Golisopod;['Bug', 'Water'];['Emergency Exit'];RU;75;125;140;60;90;40;[]
Golurk;['Ghost', 'Ground'];['Iron Fist', 'Klutz', 'No Guard'];PU;89;124;80;55;80;55;[]
Goodra;['Dragon'];['Gooey', 'Hydration', 'Sap Sipper'];RU;90;100;70;110;150;80;[]
Goomy;['Dragon'];['Gooey', 'Hydration', 'Sap Sipper'];LC;45;50;35;55;75;40;['Sliggoo']
Gorebyss;['Water'];['Hydration', 'Swift Swim'];PU;55;84;105;114;75;52;[]
Gothita;['Psychic'];['Competitive', 'Frisk', 'Shadow Tag'];;45;30;50;55;65;45;['Gothorita']
Gothitelle;['Psychic'];['Competitive', 'Frisk', 'Shadow Tag'];PU;70;55;95;95;110;65;[]
Gothorita;['Psychic'];['Competitive', 'Frisk', 'Shadow Tag'];;60;45;70;75;85;55;['Gothitelle']
Gourgeist;['Ghost', 'Grass'];['Frisk', 'Insomnia', 'Pickup'];PU;65;90;122;58;75;84;[]
Gourgeist-Large;['Ghost', 'Grass'];['Frisk', 'Insomnia', 'Pickup'];PU;75;95;122;58;75;69;[]
Gourgeist-Small;['Ghost', 'Grass'];['Frisk', 'Insomnia', 'Pickup'];PU;55;85;122;58;75;99;[]
Gourgeist-Super;['Ghost', 'Grass'];['Frisk', 'Insomnia', 'Pickup'];PU;85;100;122;58;75;54;[]
Granbull;['Fairy'];['Intimidate', 'Quick Feet', 'Rattled'];PU;90;120;75;60;60;45;[]
Graveler;['Ground', 'Rock'];['Rock Head', 'Sand Veil', 'Sturdy'];;55;95;115;45;45;35;['Golem']
Graveler-Alola;['Rock', 'Electric'];['Galvanize', 'Magnet Pull', 'Sturdy'];;55;95;115;45;45;35;['Golem-Alola']
Greninja;['Water', 'Dark'];['Battle Bond', 'Protean', 'Torrent'];OU;72;95;67;103;71;122;['Greninja-Ash']
Greninja-Ash;['Water', 'Dark'];['Battle Bond'];OU;72;145;67;153;71;132;[]
Grimer;['Poison'];['Poison Touch', 'Stench', 'Sticky Hold'];LC;80;80;50;40;50;25;['Muk']
Grimer-Alola;['Poison', 'Dark'];['Gluttony', 'Poison Touch', 'Power of Alchemy'];LC;80;80;50;40;50;25;['Muk-Alola']
Grotle;['Grass'];['Overgrow', 'Shell Armor'];;75;89;85;55;65;36;['Torterra']
Groudon;['Ground'];['Drought'];Uber;100;150;140;100;90;90;[]
Groudon-Primal;['Ground', 'Fire'];['Desolate Land'];Uber;100;180;160;150;90;90;[]
Grovyle;['Grass'];['Overgrow', 'Unburden'];;50;65;45;85;65;95;['Sceptile']
Growlithe;['Fire'];['Flash Fire', 'Intimidate', 'Justified'];LC;55;70;45;70;50;60;['Arcanine']
Grubbin;['Bug'];['Swarm'];LC;47;62;45;55;45;46;['Charjabug']
Grumpig;['Psychic'];['Gluttony', 'Own Tempo', 'Thick Fat'];PU;80;45;65;90;110;80;[]
Gulpin;['Poison'];['Gluttony', 'Liquid Ooze', 'Sticky Hold'];LC;70;43;53;43;53;40;['Swalot']
Gumshoos;['Normal'];['Adaptability', 'Stakeout', 'Strong Jaw'];PU;88;110;60;55;60;45;[]
Gurdurr;['Fighting'];['Guts', 'Iron Fist', 'Sheer Force'];PU;85;105;85;40;50;40;['Conkeldurr']
Guzzlord;['Dark', 'Dragon'];['Beast Boost'];NU;223;101;53;97;53;43;[]
Gyarados;['Flying', 'Water'];['Intimidate', 'Moxie'];UUBL;95;125;79;60;100;81;[]
Gyarados-Mega;['Water', 'Dark'];['Mold Breaker'];OU;95;155;109;70;130;81;[]
Hakamo-o;['Dragon', 'Fighting'];['Bulletproof', 'Overcoat', 'Soundproof'];;55;75;90;65;70;65;['Kommo-o']
Happiny;['Normal'];['Friend Guard', 'Natural Cure', 'Serene Grace'];LC;100;5;5;15;65;30;['Chansey']
Hariyama;['Fighting'];['Guts', 'Sheer Force', 'Thick Fat'];NU;144;120;60;40;60;50;[]
Haunter;['Ghost', 'Poison'];['Levitate'];PU;45;50;45;115;55;95;['Gengar']
Hawlucha;['Fighting', 'Flying'];['Limber', 'Mold Breaker', 'Unburden'];OU;78;92;77;74;63;118;[]
Haxorus;['Dragon'];['Mold Breaker', 'Rivalry', 'Unnerve'];UU;76;147;90;60;70;97;[]
Heatmor;['Fire'];['Flash Fire', 'Gluttony', 'White Smoke'];PU;85;97;66;105;66;65;[]
Heatran;['Fire', 'Steel'];['Flash Fire'];OU;91;90;106;130;106;77;[]
Heliolisk;['Electric', 'Normal'];['Dry Skin', 'Sand Veil', 'Solar Power'];NU;62;55;52;109;94;109;[]
Helioptile;['Electric', 'Normal'];['Dry Skin', 'Sand Veil', 'Solar Power'];LC;44;38;33;61;43;70;['Heliolisk']
Heracross;['Bug', 'Fighting'];['Guts', 'Moxie', 'Swarm'];UU;80;125;75;40;95;85;[]
Heracross-Mega;['Bug', 'Fighting'];['Skill Link'];UUBL;80;185;115;40;105;75;[]
Herdier;['Normal'];['Intimidate', 'Sand Rush', 'Scrappy'];;65;80;65;35;65;60;['Stoutland']
Hippopotas;['Ground'];['Sand Force', 'Sand Stream'];LC;68;72;78;38;42;32;['Hippowdon']
Hippowdon;['Ground'];['Sand Force', 'Sand Stream'];UU;108;112;118;68;72;47;[]
Hitmonchan;['Fighting'];['Inner Focus', 'Iron Fist', 'Keen Eye'];PU;50;105;79;35;110;76;[]
Hitmonlee;['Fighting'];['Limber', 'Reckless', 'Unburden'];NU;50;120;53;35;110;87;[]
Hitmontop;['Fighting'];['Intimidate', 'Steadfast', 'Technician'];NU;50;95;95;35;110;70;[]
Ho-Oh;['Fire', 'Flying'];['Pressure', 'Regenerator'];Uber;106;130;90;110;154;90;[]
Honchkrow;['Dark', 'Flying'];['Insomnia', 'Moxie', 'Super Luck'];RU;100;125;52;105;52;71;[]
Honedge;['Steel', 'Ghost'];['No Guard'];LC;45;80;100;35;37;28;['Doublade']
Hoopa;['Psychic', 'Ghost'];['Magician'];RU;80;110;60;150;130;70;['Hoopa-Unbound']
Hoopa-Unbound;['Psychic', 'Dark'];['Magician'];OU;80;160;60;170;130;80;[]
Hoothoot;['Flying', 'Normal'];['Insomnia', 'Keen Eye', 'Tinted Lens'];LC;60;30;30;36;56;50;['Noctowl']
Hoppip;['Flying', 'Grass'];['Chlorophyll', 'Infiltrator', 'Leaf Guard'];LC;35;35;40;35;55;50;['Skiploom']
Horsea;['Water'];['Damp', 'Sniper', 'Swift Swim'];LC;30;40;70;70;25;60;['Seadra']
Houndoom;['Dark', 'Fire'];['Early Bird', 'Flash Fire', 'Unnerve'];NU;75;90;50;110;80;95;[]
Houndoom-Mega;['Dark', 'Fire'];['Solar Power'];RUBL;75;90;90;140;90;115;[]
Houndour;['Dark', 'Fire'];['Early Bird', 'Flash Fire', 'Unnerve'];LC;45;60;30;80;50;65;['Houndoom']
Huntail;['Water'];['Swift Swim', 'Water Veil'];PU;55;104;105;94;75;52;[]
Hydreigon;['Dark', 'Dragon'];['Levitate'];UU;92;105;90;125;90;98;[]
Hypno;['Psychic'];['Forewarn', 'Inner Focus', 'Insomnia'];PU;85;73;70;73;115;67;[]
Igglybuff;['Normal', 'Fairy'];['Competitive', 'Cute Charm', 'Friend Guard'];LC;90;30;15;40;20;15;['Jigglypuff']
Illumise;['Bug'];['Oblivious', 'Prankster', 'Tinted Lens'];PU;65;47;75;73;85;85;[]
Incineroar;['Fire', 'Dark'];['Blaze', 'Intimidate'];NU;95;115;90;80;90;60;[]
Infernape;['Fighting', 'Fire'];['Blaze', 'Iron Fist'];UU;76;104;71;104;71;108;[]
Inkay;['Dark', 'Psychic'];['Contrary', 'Infiltrator', 'Suction Cups'];LC;53;54;53;37;46;45;['Malamar']
Ivysaur;['Grass', 'Poison'];['Chlorophyll', 'Overgrow'];;60;62;63;80;80;60;['Venusaur']
Jangmo-o;['Dragon'];['Bulletproof', 'Overcoat', 'Soundproof'];LC;45;55;65;45;45;45;['Hakamo-o']
Jellicent;['Ghost', 'Water'];['Cursed Body', 'Damp', 'Water Absorb'];NU;100;60;70;85;105;60;[]
Jigglypuff;['Normal', 'Fairy'];['Competitive', 'Cute Charm', 'Friend Guard'];;115;45;20;45;25;20;['Wigglytuff']
Jirachi;['Psychic', 'Steel'];['Serene Grace'];OU;100;100;100;100;100;100;[]
Jolteon;['Electric'];['Quick Feet', 'Volt Absorb'];RU;65;65;60;110;95;130;[]
Joltik;['Bug', 'Electric'];['Compound Eyes', 'Swarm', 'Unnerve'];LC;50;47;50;57;50;65;['Galvantula']
Jumpluff;['Flying', 'Grass'];['Chlorophyll', 'Infiltrator', 'Leaf Guard'];PU;75;55;70;55;95;110;[]
Jynx;['Ice', 'Psychic'];['Dry Skin', 'Forewarn', 'Oblivious'];PU;65;50;35;115;95;95;[]
Kabuto;['Rock', 'Water'];['Battle Armor', 'Swift Swim', 'Weak Armor'];LC;30;80;90;55;45;55;['Kabutops']
Kabutops;['Rock', 'Water'];['Battle Armor', 'Swift Swim', 'Weak Armor'];PU;60;115;105;65;70;80;[]
Kadabra;['Psychic'];['Inner Focus', 'Magic Guard', 'Synchronize'];;40;35;30;120;70;105;['Alakazam']
Kakuna;['Bug', 'Poison'];['Shed Skin'];;45;25;50;25;25;35;['Beedrill']
Kangaskhan;['Normal'];['Early Bird', 'Inner Focus', 'Scrappy'];PU;105;95;80;40;80;90;[]
Kangaskhan-Mega;['Normal'];['Parental Bond'];Uber;105;125;100;60;100;100;[]
Karrablast;['Bug'];['No Guard', 'Shed Skin', 'Swarm'];LC;50;75;45;40;45;60;['Escavalier']
Kartana;['Grass', 'Steel'];['Beast Boost'];OU;59;181;131;59;31;109;[]
Kecleon;['Normal'];['Color Change', 'Protean'];PU;60;90;70;60;120;40;[]
Keldeo;['Fighting', 'Water'];['Justified'];OU;91;72;90;129;90;108;[]
Kingdra;['Dragon', 'Water'];['Damp', 'Sniper', 'Swift Swim'];NUBL;75;95;95;95;95;85;[]
Kingler;['Water'];['Hyper Cutter', 'Sheer Force', 'Shell Armor'];PU;55;130;115;50;50;75;[]
Kirlia;['Psychic', 'Fairy'];['Synchronize', 'Telepathy', 'Trace'];;38;35;35;65;55;50;['Gallade', 'Gardevoir']
Klang;['Steel'];['Clear Body', 'Minus', 'Plus'];;60;80;95;70;85;50;['Klinklang']
Klefki;['Steel', 'Fairy'];['Magician', 'Prankster'];UU;57;80;91;80;87;75;[]
Klink;['Steel'];['Clear Body', 'Minus', 'Plus'];LC;40;55;70;45;60;30;['Klang']
Klinklang;['Steel'];['Clear Body', 'Minus', 'Plus'];NU;60;100;115;70;85;90;[]
Koffing;['Poison'];['Levitate'];LC;40;65;95;60;45;35;['Weezing']
Komala;['Normal'];['Comatose'];PU;65;115;65;75;95;65;[]
Kommo-o;['Dragon', 'Fighting'];['Bulletproof', 'Overcoat', 'Soundproof'];UU;75;110;125;100;105;85;[]
Krabby;['Water'];['Hyper Cutter', 'Sheer Force', 'Shell Armor'];LC;30;105;90;25;25;50;['Kingler']
Kricketot;['Bug'];['Run Away', 'Shed Skin'];LC;37;25;41;25;41;25;['Kricketune']
Kricketune;['Bug'];['Swarm', 'Technician'];PU;77;85;51;55;51;65;[]
Krokorok;['Dark', 'Ground'];['Anger Point', 'Intimidate', 'Moxie'];;60;82;45;45;45;74;['Krookodile']
Krookodile;['Dark', 'Ground'];['Anger Point', 'Intimidate', 'Moxie'];UU;95;117;80;65;70;92;[]
Kyogre;['Water'];['Drizzle'];Uber;100;100;90;150;140;90;[]
Kyogre-Primal;['Water'];['Primordial Sea'];Uber;100;150;90;180;160;90;[]
Kyurem;['Dragon', 'Ice'];['Pressure'];RUBL;125;130;90;130;90;95;['Kyurem-Black', 'Kyurem-White']
Kyurem-Black;['Dragon', 'Ice'];['Teravolt'];OU;125;170;100;120;90;95;[]
Kyurem-White;['Dragon', 'Ice'];['Turboblaze'];Uber;125;120;90;170;100;95;[]
Lairon;['Rock', 'Steel'];['Heavy Metal', 'Rock Head', 'Sturdy'];;60;90;140;50;50;40;['Aggron']
Lampent;['Fire', 'Ghost'];['Flame Body', 'Flash Fire', 'Infiltrator'];;60;40;60;95;60;55;['Chandelure']
Landorus;['Flying', 'Ground'];['Sand Force', 'Sheer Force'];Uber;89;125;90;115;80;101;['Landorus-Therian']
Landorus-Therian;['Flying', 'Ground'];['Intimidate'];OU;89;145;90;105;80;91;[]
Lanturn;['Electric', 'Water'];['Illuminate', 'Volt Absorb', 'Water Absorb'];PU;125;58;58;76;76;67;[]
Lapras;['Ice', 'Water'];['Hydration', 'Shell Armor', 'Water Absorb'];PU;130;85;80;85;95;60;[]
Larvesta;['Bug', 'Fire'];['Flame Body', 'Swarm'];LC;55;85;55;50;55;60;['Volcarona']
Larvitar;['Ground', 'Rock'];['Guts', 'Sand Veil'];LC;50;64;50;45;50;41;['Pupitar']
Latias;['Dragon', 'Psychic'];['Levitate'];UU;80;80;90;110;130;110;[]
Latias-Mega;['Dragon', 'Psychic'];['Levitate'];OU;80;100;120;140;150;110;[]
Latios;['Dragon', 'Psychic'];['Levitate'];OU;80;90;80;130;110;110;[]
Latios-Mega;['Dragon', 'Psychic'];['Levitate'];OU;80;130;100;160;120;110;[]
Leafeon;['Grass'];['Chlorophyll', 'Leaf Guard'];PU;65;110;130;60;65;95;[]
Leavanny;['Bug', 'Grass'];['Chlorophyll', 'Overcoat', 'Swarm'];PU;75;103;80;70;80;92;[]
Ledian;['Bug', 'Flying'];['Early Bird', 'Iron Fist', 'Swarm'];PU;55;35;50;55;110;85;[]
Ledyba;['Bug', 'Flying'];['Early Bird', 'Rattled', 'Swarm'];LC;40;20;30;40;80;55;['Ledian']
Lickilicky;['Normal'];['Cloud Nine', 'Oblivious', 'Own Tempo'];PU;110;85;95;80;95;50;[]
Lickitung;['Normal'];['Cloud Nine', 'Oblivious', 'Own Tempo'];LC;90;55;75;60;75;30;['Lickilicky']
Liepard;['Dark'];['Limber', 'Prankster', 'Unburden'];PU;64;88;50;88;50;106;[]
Lileep;['Grass', 'Rock'];['Storm Drain', 'Suction Cups'];LC;66;41;77;61;87;23;['Cradily']
Lilligant;['Grass'];['Chlorophyll', 'Leaf Guard', 'Own Tempo'];PU;70;60;75;110;75;90;[]
Lillipup;['Normal'];['Pickup', 'Run Away', 'Vital Spirit'];LC;45;60;45;25;45;55;['Herdier']
Linoone;['Normal'];['Gluttony', 'Pickup', 'Quick Feet'];RU;78;70;61;50;61;100;[]
Litleo;['Fire', 'Normal'];['Moxie', 'Rivalry', 'Unnerve'];LC;62;50;58;73;54;72;['Pyroar']
Litten;['Fire'];['Blaze', 'Intimidate'];LC;45;65;40;60;40;70;['Torracat']
Litwick;['Fire', 'Ghost'];['Flame Body', 'Flash Fire', 'Infiltrator'];LC;50;30;55;65;55;20;['Lampent']
Lombre;['Grass', 'Water'];['Own Tempo', 'Rain Dish', 'Swift Swim'];;60;50;50;60;70;50;['Ludicolo']
Lopunny;['Normal'];['Cute Charm', 'Klutz', 'Limber'];PU;65;76;84;54;96;105;[]
Lopunny-Mega;['Normal', 'Fighting'];['Scrappy'];OU;65;136;94;54;96;135;[]
Lotad;['Grass', 'Water'];['Own Tempo', 'Rain Dish', 'Swift Swim'];LC;40;30;30;40;50;30;['Lombre']
Loudred;['Normal'];['Scrappy', 'Soundproof'];;84;71;43;71;43;48;['Exploud']
Lucario;['Fighting', 'Steel'];['Inner Focus', 'Justified', 'Steadfast'];RUBL;70;110;70;115;70;90;[]
Lucario-Mega;['Fighting', 'Steel'];['Adaptability'];Uber;70;145;88;140;70;112;[]
Ludicolo;['Grass', 'Water'];['Own Tempo', 'Rain Dish', 'Swift Swim'];PU;80;70;70;90;100;70;[]
Lugia;['Flying', 'Psychic'];['Multiscale', 'Pressure'];Uber;106;90;130;90;154;110;[]
Lumineon;['Water'];['Storm Drain', 'Swift Swim', 'Water Veil'];PU;69;69;76;69;86;91;[]
Lunala;['Psychic', 'Ghost'];['Shadow Shield'];Uber;137;113;89;137;107;97;[]
Lunatone;['Psychic', 'Rock'];['Levitate'];PU;90;55;65;95;85;70;[]
Lurantis;['Grass'];['Contrary', 'Leaf Guard'];PU;70;105;90;80;90;45;[]
Luvdisc;['Water'];['Hydration', 'Swift Swim'];PU;43;30;55;40;65;97;[]
Luxio;['Electric'];['Guts', 'Intimidate', 'Rivalry'];;60;85;49;60;49;60;['Luxray']
Luxray;['Electric'];['Guts', 'Intimidate', 'Rivalry'];PU;80;120;79;95;79;70;[]
Lycanroc;['Rock'];['Keen Eye', 'Sand Rush', 'Steadfast'];PU;75;115;65;55;65;112;[]
Lycanroc-Dusk;['Rock'];['Tough Claws'];RU;75;117;65;55;65;110;[]
Lycanroc-Midnight;['Rock'];['Keen Eye', 'No Guard', 'Vital Spirit'];PU;85;115;75;55;75;82;[]
Machamp;['Fighting'];['Guts', 'No Guard', 'Steadfast'];RU;90;130;80;65;85;55;[]
Machoke;['Fighting'];['Guts', 'No Guard', 'Steadfast'];;80;100;70;50;60;45;['Machamp']
Machop;['Fighting'];['Guts', 'No Guard', 'Steadfast'];LC;70;80;50;35;35;35;['Machoke']
Magby;['Fire'];['Flame Body', 'Vital Spirit'];LC;45;75;37;70;55;83;['Magmar']
Magcargo;['Fire', 'Rock'];['Flame Body', 'Magma Armor', 'Weak Armor'];PU;60;50;120;90;80;30;[]
Magearna;['Steel', 'Fairy'];['Soul-Heart'];OU;80;95;115;130;115;65;[]
Magikarp;['Water'];['Rattled', 'Swift Swim'];LC;20;10;55;15;20;80;['Gyarados']
Magmar;['Fire'];['Flame Body', 'Vital Spirit'];;65;95;57;100;85;93;['Magmortar']
Magmortar;['Fire'];['Flame Body', 'Vital Spirit'];PUBL;75;95;67;125;95;83;[]
Magnemite;['Electric', 'Steel'];['Analytic', 'Magnet Pull', 'Sturdy'];LC;25;35;70;95;55;45;['Magneton']
Magneton;['Electric', 'Steel'];['Analytic', 'Magnet Pull', 'Sturdy'];UU;50;60;95;120;70;70;['Magnezone']
Magnezone;['Electric', 'Steel'];['Analytic', 'Magnet Pull', 'Sturdy'];OU;70;70;115;130;90;60;[]
Makuhita;['Fighting'];['Guts', 'Sheer Force', 'Thick Fat'];LC;72;60;30;20;30;25;['Hariyama']
Malamar;['Dark', 'Psychic'];['Contrary', 'Infiltrator', 'Suction Cups'];NU;86;92;88;68;75;73;[]
Mamoswine;['Ground', 'Ice'];['Oblivious', 'Snow Cloak', 'Thick Fat'];OU;110;130;80;70;60;80;[]
Manaphy;['Water'];['Hydration'];UUBL;100;100;100;100;100;100;[]
Mandibuzz;['Dark', 'Flying'];['Big Pecks', 'Overcoat', 'Weak Armor'];RU;110;65;105;55;95;80;[]
Manectric;['Electric'];['Lightning Rod', 'Minus', 'Static'];PU;70;75;60;105;60;105;[]
Manectric-Mega;['Electric'];['Intimidate'];UU;70;75;80;135;80;135;[]
Mankey;['Fighting'];['Anger Point', 'Defiant', 'Vital Spirit'];LC;40;80;35;35;45;70;['Primeape']
Mantine;['Flying', 'Water'];['Swift Swim', 'Water Absorb', 'Water Veil'];UU;85;40;70;80;140;70;[]
Mantyke;['Flying', 'Water'];['Swift Swim', 'Water Absorb', 'Water Veil'];LC;45;20;50;60;120;50;['Mantine']
Maractus;['Grass'];['Chlorophyll', 'Storm Drain', 'Water Absorb'];PU;75;86;67;106;67;60;[]
Mareanie;['Poison', 'Water'];['Limber', 'Merciless', 'Regenerator'];LC;50;53;62;43;52;45;['Toxapex']
Mareep;['Electric'];['Plus', 'Static'];LC;55;40;40;65;45;35;['Flaaffy']
Marill;['Water', 'Fairy'];['Huge Power', 'Sap Sipper', 'Thick Fat'];;70;20;50;20;50;40;['Azumarill']
Marowak;['Ground'];['Battle Armor', 'Lightning Rod', 'Rock Head'];PU;60;80;110;50;80;45;[]
Marowak-Alola;['Fire', 'Ghost'];['Cursed Body', 'Lightning Rod', 'Rock Head'];UU;60;80;110;50;80;45;[]
Marshadow;['Fighting', 'Ghost'];['Technician'];Uber;90;125;80;90;90;125;[]
Marshtomp;['Ground', 'Water'];['Damp', 'Torrent'];;70;85;70;60;70;50;['Swampert']
Masquerain;['Bug', 'Flying'];['Intimidate', 'Unnerve'];PU;70;60;62;100;82;80;[]
Mawile;['Steel', 'Fairy'];['Hyper Cutter', 'Intimidate', 'Sheer Force'];PU;50;85;85;55;55;50;[]
Mawile-Mega;['Steel', 'Fairy'];['Huge Power'];OU;50;105;125;55;95;50;[]
Medicham;['Fighting', 'Psychic'];['Pure Power', 'Telepathy'];NU;60;60;75;60;75;80;[]
Medicham-Mega;['Fighting', 'Psychic'];['Pure Power'];OU;60;100;85;80;85;100;[]
Meditite;['Fighting', 'Psychic'];['Pure Power', 'Telepathy'];;30;40;55;40;55;60;['Medicham']
Meganium;['Grass'];['Leaf Guard', 'Overgrow'];PU;80;82;100;83;100;80;[]
Meloetta;['Normal', 'Psychic'];['Serene Grace'];RU;100;77;77;128;128;90;[]
Meloetta-Pirouette;['Normal', 'Fighting'];['Serene Grace'];RU;100;128;90;77;77;128;[]
Meowstic-F;['Psychic'];['Competitive', 'Infiltrator', 'Keen Eye'];PU;74;48;76;83;81;104;[]
Meowstic-M;['Psychic'];['Infiltrator', 'Keen Eye', 'Prankster'];PU;74;48;76;83;81;104;[]
Meowth;['Normal'];['Pickup', 'Technician', 'Unnerve'];LC;40;45;35;40;40;90;['Persian']
Meowth-Alola;['Dark'];['Pickup', 'Rattled', 'Technician'];LC;40;35;35;50;40;90;['Persian-Alola']
Mesprit;['Psychic'];['Levitate'];PU;80;105;105;105;105;80;[]
Metagross;['Psychic', 'Steel'];['Clear Body', 'Light Metal'];UU;80;135;130;95;90;70;[]
Metagross-Mega;['Steel', 'Psychic'];['Tough Claws'];Uber;80;145;150;105;110;110;[]
Metang;['Psychic', 'Steel'];['Clear Body', 'Light Metal'];;60;75;100;55;80;50;['Metagross']
Metapod;['Bug'];['Shed Skin'];;50;20;55;25;25;30;['Butterfree']
Mew;['Psychic'];['Synchronize'];OU;100;100;100;100;100;100;[]
Mewtwo;['Psychic'];['Pressure', 'Unnerve'];Uber;106;110;90;154;90;130;[]
Mewtwo-Mega-X;['Psychic', 'Fighting'];['Steadfast'];Uber;106;190;100;154;100;130;[]
Mewtwo-Mega-Y;['Psychic'];['Insomnia'];Uber;106;150;70;194;120;140;[]
Mienfoo;['Fighting'];['Inner Focus', 'Reckless', 'Regenerator'];LC;45;85;50;55;50;65;['Mienshao']
Mienshao;['Fighting'];['Inner Focus', 'Reckless', 'Regenerator'];RUBL;65;125;60;95;60;105;[]
Mightyena;['Dark'];['Intimidate', 'Moxie', 'Quick Feet'];PU;70;90;70;60;60;70;[]
Milotic;['Water'];['Competitive', 'Cute Charm', 'Marvel Scale'];RU;95;60;79;100;125;81;[]
Miltank;['Normal'];['Sap Sipper', 'Scrappy', 'Thick Fat'];NU;95;80;105;40;70;100;[]
Mime Jr.;['Psychic', 'Fairy'];['Filter', 'Soundproof', 'Technician'];LC;20;25;45;70;90;60;['Mr. Mime']
Mimikyu;['Ghost', 'Fairy'];['Disguise'];OU;55;90;80;50;105;96;[]
Minccino;['Normal'];['Cute Charm', 'Skill Link', 'Technician'];LC;55;50;40;40;40;75;['Cinccino']
Minior;['Rock', 'Flying'];['Shields Down'];NU;60;100;60;100;60;120;[]
Minior-Meteor;['Rock', 'Flying'];['Shields Down'];NU;60;60;100;60;100;60;[]
Minun;['Electric'];['Minus', 'Volt Absorb'];PU;60;40;50;75;85;95;[]
Misdreavus;['Ghost'];['Levitate'];;60;60;60;85;85;85;['Mismagius']
Mismagius;['Ghost'];['Levitate'];NU;60;60;60;105;105;105;[]
Moltres;['Fire', 'Flying'];['Flame Body', 'Pressure'];RU;90;100;90;125;85;90;[]
Monferno;['Fighting', 'Fire'];['Blaze', 'Iron Fist'];;64;78;52;78;52;81;['Infernape']
Morelull;['Grass', 'Fairy'];['Effect Spore', 'Illuminate', 'Rain Dish'];LC;40;35;55;65;75;15;['Shiinotic']
Mothim;['Bug', 'Flying'];['Swarm', 'Tinted Lens'];PU;70;94;50;94;50;66;[]
Mr. Mime;['Psychic', 'Fairy'];['Filter', 'Soundproof', 'Technician'];PU;40;45;65;100;120;90;[]
Mudbray;['Ground'];['Inner Focus', 'Own Tempo', 'Stamina'];LC;70;100;70;45;55;45;['Mudsdale']
Mudkip;['Water'];['Damp', 'Torrent'];LC;50;70;50;50;50;40;['Marshtomp']
Mudsdale;['Ground'];['Inner Focus', 'Own Tempo', 'Stamina'];PU;100;125;100;55;85;35;[]
Muk;['Poison'];['Poison Touch', 'Stench', 'Sticky Hold'];PU;105;105;75;65;100;50;[]
Muk-Alola;['Poison', 'Dark'];['Gluttony', 'Poison Touch', 'Power of Alchemy'];UU;105;105;75;65;100;50;[]
Munchlax;['Normal'];['Gluttony', 'Pickup', 'Thick Fat'];LC;135;85;40;40;85;5;['Snorlax']
Munna;['Psychic'];['Forewarn', 'Synchronize', 'Telepathy'];LC;76;25;45;67;55;24;['Musharna']
Murkrow;['Dark', 'Flying'];['Insomnia', 'Prankster', 'Super Luck'];;60;85;42;85;42;91;['Honchkrow']
Musharna;['Psychic'];['Forewarn', 'Synchronize', 'Telepathy'];PU;116;55;85;107;95;29;[]
Naganadel;['Poison', 'Dragon'];['Beast Boost'];Uber;73;73;73;127;73;121;[]
Natu;['Flying', 'Psychic'];['Early Bird', 'Magic Bounce', 'Synchronize'];LC;40;50;45;70;45;70;['Xatu']
Necrozma;['Psychic'];['Prism Armor'];RU;97;107;101;127;89;79;[]
Necrozma-Dawn Wings;['Psychic', 'Ghost'];['Prism Armor'];Uber;97;113;109;157;127;77;[]
Necrozma-Dawn Wings-Ultra;['Psychic', 'Dragon'];['Neuroforce'];Uber;97;167;97;167;97;129;[]
Necrozma-Dusk Mane;['Psychic', 'Steel'];['Prism Armor'];Uber;97;157;127;113;109;77;[]
Necrozma-Dusk Mane-Ultra;['Psychic', 'Dragon'];['Neuroforce'];Uber;97;167;97;167;97;129;[]
Nidoking;['Ground', 'Poison'];['Poison Point', 'Rivalry', 'Sheer Force'];UU;81;102;77;85;75;85;[]
Nidoqueen;['Ground', 'Poison'];['Poison Point', 'Rivalry', 'Sheer Force'];RU;90;92;87;75;85;76;[]
Nidoran-F;['Poison'];['Hustle', 'Poison Point', 'Rivalry'];LC;55;47;52;40;40;41;['Nidorina']
Nidoran-M;['Poison'];['Hustle', 'Poison Point', 'Rivalry'];LC;46;57;40;40;40;50;['Nidorino']
Nidorina;['Poison'];['Hustle', 'Poison Point', 'Rivalry'];;70;62;67;55;55;56;['Nidoqueen']
Nidorino;['Poison'];['Hustle', 'Poison Point', 'Rivalry'];;61;72;57;55;55;65;['Nidoking']
Nihilego;['Rock', 'Poison'];['Beast Boost'];UU;109;53;47;127;131;103;[]
Nincada;['Bug', 'Ground'];['Compound Eyes', 'Run Away'];LC;31;45;90;30;30;40;['Ninjask', 'Shedinja']
Ninetales;['Fire'];['Drought', 'Flash Fire'];PU;73;76;75;81;100;100;[]
Ninetales-Alola;['Ice', 'Fairy'];['Snow Cloak', 'Snow Warning'];UUBL;73;67;75;81;100;109;[]
Ninjask;['Bug', 'Flying'];['Infiltrator', 'Speed Boost'];PU;61;90;45;50;50;160;[]
Noctowl;['Flying', 'Normal'];['Insomnia', 'Keen Eye', 'Tinted Lens'];PU;100;50;50;86;96;70;[]
Noibat;['Flying', 'Dragon'];['Frisk', 'Infiltrator', 'Telepathy'];LC;40;30;35;45;40;55;['Noivern']
Noivern;['Flying', 'Dragon'];['Frisk', 'Infiltrator', 'Telepathy'];NUBL;85;70;80;97;80;123;[]
Nosepass;['Rock'];['Magnet Pull', 'Sand Force', 'Sturdy'];LC;30;45;135;45;90;30;['Probopass']
Numel;['Fire', 'Ground'];['Oblivious', 'Own Tempo', 'Simple'];LC;60;60;40;65;45;35;['Camerupt']
Nuzleaf;['Dark', 'Grass'];['Chlorophyll', 'Early Bird', 'Pickpocket'];;70;70;40;60;40;60;['Shiftry']
Octillery;['Water'];['Moody', 'Sniper', 'Suction Cups'];PU;75;105;75;105;75;45;[]
Oddish;['Grass', 'Poison'];['Chlorophyll', 'Run Away'];LC;45;50;55;75;65;30;['Gloom']
Omanyte;['Rock', 'Water'];['Shell Armor', 'Swift Swim', 'Weak Armor'];LC;35;40;100;90;55;35;['Omastar']
Omastar;['Rock', 'Water'];['Shell Armor', 'Swift Swim', 'Weak Armor'];NU;70;60;125;115;70;55;[]
Onix;['Ground', 'Rock'];['Rock Head', 'Sturdy', 'Weak Armor'];LC;35;45;160;30;45;70;['Steelix']
Oranguru;['Normal', 'Psychic'];['Inner Focus', 'Symbiosis', 'Telepathy'];PU;90;60;80;90;110;60;[]
Oricorio;['Fire', 'Flying'];['Dancer'];PU;75;70;70;98;70;93;["Oricorio-Pa'u", 'Oricorio-Pom-Pom', 'Oricorio-Sensu']
Oricorio-Pa'u;['Psychic', 'Flying'];['Dancer'];PU;75;70;70;98;70;93;[]
Oricorio-Pom-Pom;['Electric', 'Flying'];['Dancer'];PU;75;70;70;98;70;93;[]
Oricorio-Sensu;['Ghost', 'Flying'];['Dancer'];PU;75;70;70;98;70;93;[]
Oshawott;['Water'];['Shell Armor', 'Torrent'];LC;55;55;45;63;45;45;['Dewott']
Pachirisu;['Electric'];['Pickup', 'Run Away', 'Volt Absorb'];PU;60;45;70;45;90;95;[]
Palkia;['Dragon', 'Water'];['Pressure', 'Telepathy'];Uber;90;120;100;150;120;100;[]
Palossand;['Ghost', 'Ground'];['Sand Veil', 'Water Compaction'];NU;85;75;110;100;75;35;[]
Palpitoad;['Ground', 'Water'];['Hydration', 'Swift Swim', 'Water Absorb'];;75;65;55;65;55;69;['Seismitoad']
Pancham;['Fighting'];['Iron Fist', 'Mold Breaker', 'Scrappy'];LC;67;82;62;46;48;43;['Pangoro']
Pangoro;['Fighting', 'Dark'];['Iron Fist', 'Mold Breaker', 'Scrappy'];RU;95;124;78;69;71;58;[]
Panpour;['Water'];['Gluttony', 'Torrent'];LC;50;53;48;53;48;64;['Simipour']
Pansage;['Grass'];['Gluttony', 'Overgrow'];LC;50;53;48;53;48;64;['Simisage']
Pansear;['Fire'];['Blaze', 'Gluttony'];LC;50;53;48;53;48;64;['Simisear']
Paras;['Bug', 'Grass'];['Damp', 'Dry Skin', 'Effect Spore'];LC;35;70;55;45;55;25;['Parasect']
Parasect;['Bug', 'Grass'];['Damp', 'Dry Skin', 'Effect Spore'];PU;60;95;80;60;80;30;[]
Passimian;['Fighting'];['Defiant', 'Receiver'];NU;100;120;90;40;60;80;[]
Patrat;['Normal'];['Analytic', 'Keen Eye', 'Run Away'];LC;45;55;39;35;39;42;['Watchog']
Pawniard;['Dark', 'Steel'];['Defiant', 'Inner Focus', 'Pressure'];LC;45;85;70;40;40;60;['Bisharp']
Pelipper;['Flying', 'Water'];['Drizzle', 'Keen Eye', 'Rain Dish'];OU;60;50;100;95;70;65;[]
Persian;['Normal'];['Limber', 'Technician', 'Unnerve'];PU;65;70;60;65;65;115;[]
Persian-Alola;['Dark'];['Fur Coat', 'Rattled', 'Technician'];PU;65;60;60;75;65;115;[]
Petilil;['Grass'];['Chlorophyll', 'Leaf Guard', 'Own Tempo'];LC;45;35;50;70;50;30;['Lilligant']
Phanpy;['Ground'];['Pickup', 'Sand Veil'];LC;90;60;60;40;40;40;['Donphan']
Phantump;['Ghost', 'Grass'];['Frisk', 'Harvest', 'Natural Cure'];LC;43;70;48;50;60;38;['Trevenant']
Pheromosa;['Bug', 'Fighting'];['Beast Boost'];Uber;71;137;37;137;37;151;[]
Phione;['Water'];['Hydration'];PU;80;80;80;80;80;80;[]
Pichu;['Electric'];['Lightning Rod', 'Static'];LC;20;40;15;35;35;60;['Pikachu']
Pidgeot;['Flying', 'Normal'];['Big Pecks', 'Keen Eye', 'Tangled Feet'];PU;83;80;75;70;70;101;[]
Pidgeot-Mega;['Normal', 'Flying'];['No Guard'];UU;83;80;80;135;80;121;[]
Pidgeotto;['Flying', 'Normal'];['Big Pecks', 'Keen Eye', 'Tangled Feet'];;63;60;55;50;50;71;['Pidgeot']
Pidgey;['Flying', 'Normal'];['Big Pecks', 'Keen Eye', 'Tangled Feet'];LC;40;45;40;35;35;56;['Pidgeotto']
Pidove;['Flying', 'Normal'];['Big Pecks', 'Rivalry', 'Super Luck'];LC;50;55;50;36;30;43;['Tranquill']
Pignite;['Fighting', 'Fire'];['Blaze', 'Thick Fat'];;90;93;55;70;55;55;['Emboar']
Pikachu;['Electric'];['Lightning Rod', 'Static'];;35;55;40;50;50;90;['Raichu', 'Raichu-Alola']
Pikipek;['Normal', 'Flying'];['Keen Eye', 'Pickup', 'Skill Link'];LC;35;75;30;30;30;65;['Trumbeak']
Piloswine;['Ground', 'Ice'];['Oblivious', 'Snow Cloak', 'Thick Fat'];NU;100;100;80;60;60;50;['Mamoswine']
Pineco;['Bug'];['Overcoat', 'Sturdy'];LC;50;65;90;35;35;15;['Forretress']
Pinsir;['Bug'];['Hyper Cutter', 'Mold Breaker', 'Moxie'];PU;65;125;100;55;70;85;[]
Pinsir-Mega;['Bug', 'Flying'];['Aerilate'];OU;65;155;120;65;90;105;[]
Piplup;['Water'];['Defiant', 'Torrent'];LC;53;51;53;61;56;40;['Prinplup']
Plusle;['Electric'];['Lightning Rod', 'Plus'];PU;60;50;40;85;75;95;[]
Poipole;['Poison'];['Beast Boost'];;67;73;67;73;67;73;['Naganadel']
Politoed;['Water'];['Damp', 'Drizzle', 'Water Absorb'];PU;90;75;75;90;100;70;[]
Poliwag;['Water'];['Damp', 'Swift Swim', 'Water Absorb'];LC;40;50;40;40;40;90;['Poliwhirl']
Poliwhirl;['Water'];['Damp', 'Swift Swim', 'Water Absorb'];;65;65;65;50;50;90;['Politoed', 'Poliwrath']
Poliwrath;['Fighting', 'Water'];['Damp', 'Swift Swim', 'Water Absorb'];PU;90;95;95;70;90;70;[]
Ponyta;['Fire'];['Flame Body', 'Flash Fire', 'Run Away'];LC;50;85;55;65;65;90;['Rapidash']
Poochyena;['Dark'];['Quick Feet', 'Rattled', 'Run Away'];LC;35;55;35;30;30;35;['Mightyena']
Popplio;['Water'];['Liquid Voice', 'Torrent'];LC;50;54;54;66;56;40;['Brionne']
Porygon;['Normal'];['Analytic', 'Download', 'Trace'];;65;60;70;85;75;40;['Porygon2']
Porygon-Z;['Normal'];['Adaptability', 'Analytic', 'Download'];UUBL;85;80;70;135;75;90;[]
Porygon2;['Normal'];['Analytic', 'Download', 'Trace'];RU;85;80;90;105;95;60;['Porygon-Z']
Primarina;['Water', 'Fairy'];['Liquid Voice', 'Torrent'];UU;80;74;74;126;116;60;[]
Primeape;['Fighting'];['Anger Point', 'Defiant', 'Vital Spirit'];PU;65;105;60;60;70;95;[]
Prinplup;['Water'];['Defiant', 'Torrent'];;64;66;68;81;76;50;['Empoleon']
Probopass;['Rock', 'Steel'];['Magnet Pull', 'Sand Force', 'Sturdy'];PU;60;55;145;75;150;40;[]
Psyduck;['Water'];['Cloud Nine', 'Damp', 'Swift Swim'];LC;50;52;48;65;50;55;['Golduck']
Pumpkaboo;['Ghost', 'Grass'];['Frisk', 'Insomnia', 'Pickup'];LC;49;66;70;44;55;51;['Gourgeist']
Pumpkaboo-Large;['Ghost', 'Grass'];['Frisk', 'Insomnia', 'Pickup'];LC;54;66;70;44;55;46;['Gourgeist-Large']
Pumpkaboo-Small;['Ghost', 'Grass'];['Frisk', 'Insomnia', 'Pickup'];LC;44;66;70;44;55;56;['Gourgeist-Small']
Pumpkaboo-Super;['Ghost', 'Grass'];['Frisk', 'Insomnia', 'Pickup'];LC;59;66;70;44;55;41;['Gourgeist-Super']
Pupitar;['Ground', 'Rock'];['Shed Skin'];;70;84;70;65;70;51;['Tyranitar']
Purrloin;['Dark'];['Limber', 'Prankster', 'Unburden'];LC;41;50;37;50;37;66;['Liepard']
Purugly;['Normal'];['Defiant', 'Own Tempo', 'Thick Fat'];PU;71;82;64;64;59;112;[]
Pyroar;['Fire', 'Normal'];['Moxie', 'Rivalry', 'Unnerve'];PU;86;68;72;109;66;106;[]
Pyukumuku;['Water'];['Innards Out', 'Unaware'];PU;55;60;130;30;130;5;[]
Quagsire;['Ground', 'Water'];['Damp', 'Unaware', 'Water Absorb'];RU;95;85;85;65;65;35;[]
Quilava;['Fire'];['Blaze', 'Flash Fire'];;58;64;58;80;65;80;['Typhlosion']
Quilladin;['Grass'];['Bulletproof', 'Overgrow'];;61;78;95;56;58;57;['Chesnaught']
Qwilfish;['Poison', 'Water'];['Intimidate', 'Poison Point', 'Swift Swim'];NU;65;95;85;55;55;85;[]
Raichu;['Electric'];['Lightning Rod', 'Static'];PU;60;90;55;90;80;110;[]
Raichu-Alola;['Electric', 'Psychic'];['Surge Surfer'];PU;60;85;50;95;85;110;[]
Raikou;['Electric'];['Pressure'];UU;90;85;75;115;100;115;[]
Ralts;['Psychic', 'Fairy'];['Synchronize', 'Telepathy', 'Trace'];LC;28;25;25;45;35;40;['Kirlia']
Rampardos;['Rock'];['Mold Breaker', 'Sheer Force'];PU;97;165;60;65;50;58;[]
Rapidash;['Fire'];['Flame Body', 'Flash Fire', 'Run Away'];PU;65;100;70;80;80;105;[]
Raticate;['Normal'];['Guts', 'Hustle', 'Run Away'];PU;55;81;60;50;70;97;[]
Raticate-Alola;['Dark', 'Normal'];['Gluttony', 'Hustle', 'Thick Fat'];PU;75;71;70;40;80;77;[]
Rattata;['Normal'];['Guts', 'Hustle', 'Run Away'];LC;30;56;35;25;35;72;['Raticate']
Rattata-Alola;['Dark', 'Normal'];['Gluttony', 'Hustle', 'Thick Fat'];LC;30;56;35;25;35;72;['Raticate-Alola']
Rayquaza;['Dragon', 'Flying'];['Air Lock'];Uber;105;150;90;150;90;95;[]
Rayquaza-Mega;['Dragon', 'Flying'];['Delta Stream'];AG;105;180;100;180;100;115;[]
Regice;['Ice'];['Clear Body', 'Ice Body'];PU;80;50;100;100;200;50;[]
Regigigas;['Normal'];['Slow Start'];PU;110;160;110;80;110;100;[]
Regirock;['Rock'];['Clear Body', 'Sturdy'];PU;80;100;200;50;100;50;[]
Registeel;['Steel'];['Clear Body', 'Light Metal'];RU;80;75;150;75;150;50;[]
Relicanth;['Rock', 'Water'];['Rock Head', 'Sturdy', 'Swift Swim'];PU;100;90;130;45;65;55;[]
Remoraid;['Water'];['Hustle', 'Moody', 'Sniper'];LC;35;65;35;65;35;65;['Octillery']
Reshiram;['Dragon', 'Fire'];['Turboblaze'];Uber;100;120;100;150;120;90;[]
Reuniclus;['Psychic'];['Magic Guard', 'Overcoat', 'Regenerator'];RUBL;110;65;75;125;85;30;[]
Rhydon;['Ground', 'Rock'];['Lightning Rod', 'Reckless', 'Rock Head'];NU;105;130;120;45;45;40;['Rhyperior']
Rhyhorn;['Ground', 'Rock'];['Lightning Rod', 'Reckless', 'Rock Head'];LC;80;85;95;30;30;25;['Rhydon']
Rhyperior;['Ground', 'Rock'];['Lightning Rod', 'Reckless', 'Solid Rock'];RU;115;140;130;55;55;40;[]
Ribombee;['Bug', 'Fairy'];['Honey Gather', 'Shield Dust', 'Sweet Veil'];RU;60;55;60;95;70;124;[]
Riolu;['Fighting'];['Inner Focus', 'Prankster', 'Steadfast'];LC;40;70;40;35;40;60;['Lucario']
Rockruff;['Rock'];['Keen Eye', 'Own Tempo', 'Steadfast', 'Vital Spirit'];LC;45;65;40;30;40;60;['Lycanroc', 'Lycanroc-Dusk', 'Lycanroc-Midnight']
Roggenrola;['Rock'];['Sand Force', 'Sturdy', 'Weak Armor'];LC;55;75;85;25;25;15;['Boldore']
Roselia;['Grass', 'Poison'];['Leaf Guard', 'Natural Cure', 'Poison Point'];;50;60;45;100;80;65;['Roserade']
Roserade;['Grass', 'Poison'];['Natural Cure', 'Poison Point', 'Technician'];RU;60;70;65;125;105;90;[]
Rotom;['Electric', 'Ghost'];['Levitate'];NU;50;50;77;95;77;91;['Rotom-Fan', 'Rotom-Frost', 'Rotom-Heat', 'Rotom-Mow', 'Rotom-Wash']
Rotom-Fan;['Electric', 'Flying'];['Levitate'];PU;50;65;107;105;107;86;[]
Rotom-Frost;['Electric', 'Ice'];['Levitate'];PU;50;65;107;105;107;86;[]
Rotom-Heat;['Electric', 'Fire'];['Levitate'];RU;50;65;107;105;107;86;[]
Rotom-Mow;['Electric', 'Grass'];['Levitate'];RU;50;65;107;105;107;86;[]
Rotom-Wash;['Electric', 'Water'];['Levitate'];OU;50;65;107;105;107;86;[]
Rowlet;['Grass', 'Flying'];['Long Reach', 'Overgrow'];LC;68;55;55;50;50;42;['Dartrix']
Rufflet;['Flying', 'Normal'];['Hustle', 'Keen Eye', 'Sheer Force'];LC;70;83;50;37;50;60;['Braviary']
Sableye;['Dark', 'Ghost'];['Keen Eye', 'Prankster', 'Stall'];PU;50;75;75;65;65;50;[]
Sableye-Mega;['Dark', 'Ghost'];['Magic Bounce'];OU;50;85;125;85;115;20;[]
Salamence;['Dragon', 'Flying'];['Intimidate', 'Moxie'];UUBL;95;135;80;110;80;100;[]
Salamence-Mega;['Dragon', 'Flying'];['Aerilate'];Uber;95;145;130;120;90;120;[]
Salandit;['Poison', 'Fire'];['Corrosion', 'Oblivious'];LC;48;44;40;71;40;77;['Salazzle']
Salazzle;['Poison', 'Fire'];['Corrosion', 'Oblivious'];RU;68;64;60;111;60;117;[]
Samurott;['Water'];['Shell Armor', 'Torrent'];PUBL;95;100;85;108;70;70;[]
Sandile;['Dark', 'Ground'];['Anger Point', 'Intimidate', 'Moxie'];LC;50;72;35;35;35;65;['Krokorok']
Sandshrew;['Ground'];['Sand Rush', 'Sand Veil'];LC;50;75;85;20;30;40;['Sandslash']
Sandshrew-Alola;['Ice', 'Steel'];['Slush Rush', 'Snow Cloak'];LC;50;75;90;10;35;40;['Sandslash-Alola']
Sandslash;['Ground'];['Sand Rush', 'Sand Veil'];PU;75;100;110;45;55;65;[]
Sandslash-Alola;['Ice', 'Steel'];['Slush Rush', 'Snow Cloak'];PU;75;100;120;25;65;65;[]
Sandygast;['Ghost', 'Ground'];['Sand Veil', 'Water Compaction'];LC;55;55;80;70;45;15;['Palossand']
Sawk;['Fighting'];['Inner Focus', 'Mold Breaker', 'Sturdy'];PUBL;75;125;75;30;75;85;[]
Sawsbuck;['Grass', 'Normal'];['Chlorophyll', 'Sap Sipper', 'Serene Grace'];PU;80;100;70;60;70;95;[]
Scatterbug;['Bug'];['Compound Eyes', 'Friend Guard', 'Shield Dust'];LC;38;35;40;27;25;35;['Spewpa']
Sceptile;['Grass'];['Overgrow', 'Unburden'];NU;70;85;65;105;85;120;[]
Sceptile-Mega;['Grass', 'Dragon'];['Lightning Rod'];UU;70;110;75;145;85;145;[]
Scizor;['Bug', 'Steel'];['Light Metal', 'Swarm', 'Technician'];UU;70;130;100;55;80;65;[]
Scizor-Mega;['Bug', 'Steel'];['Technician'];OU;70;150;140;65;100;75;[]
Scolipede;['Bug', 'Poison'];['Poison Point', 'Speed Boost', 'Swarm'];UUBL;60;100;89;55;69;112;[]
Scrafty;['Dark', 'Fighting'];['Intimidate', 'Moxie', 'Shed Skin'];NU;65;90;115;45;115;58;[]
Scraggy;['Dark', 'Fighting'];['Intimidate', 'Moxie', 'Shed Skin'];LC;50;75;70;35;70;48;['Scrafty']
Scyther;['Bug', 'Flying'];['Steadfast', 'Swarm', 'Technician'];NU;70;110;80;55;80;105;['Scizor']
Seadra;['Water'];['Damp', 'Poison Point', 'Sniper'];;55;65;95;95;45;85;['Kingdra']
Seaking;['Water'];['Lightning Rod', 'Swift Swim', 'Water Veil'];PU;80;92;65;65;80;68;[]
Sealeo;['Ice', 'Water'];['Ice Body', 'Oblivious', 'Thick Fat'];;90;60;70;75;70;45;['Walrein']
Seedot;['Grass'];['Chlorophyll', 'Early Bird', 'Pickpocket'];LC;40;40;50;30;30;30;['Nuzleaf']
Seel;['Water'];['Hydration', 'Ice Body', 'Thick Fat'];LC;65;45;55;45;70;45;['Dewgong']
Seismitoad;['Ground', 'Water'];['Poison Touch', 'Swift Swim', 'Water Absorb'];UU;105;95;75;85;75;74;[]
Sentret;['Normal'];['Frisk', 'Keen Eye', 'Run Away'];LC;35;46;34;35;45;20;['Furret']
Serperior;['Grass'];['Contrary', 'Overgrow'];UU;75;75;95;75;95;113;[]
Servine;['Grass'];['Contrary', 'Overgrow'];;60;60;75;60;75;83;['Serperior']
Seviper;['Poison'];['Infiltrator', 'Shed Skin'];PU;73;100;60;100;60;65;[]
Sewaddle;['Bug', 'Grass'];['Chlorophyll', 'Overcoat', 'Swarm'];LC;45;53;70;40;60;42;['Swadloon']
Sharpedo;['Dark', 'Water'];['Rough Skin', 'Speed Boost'];RUBL;70;120;40;95;40;95;[]
Sharpedo-Mega;['Water', 'Dark'];['Strong Jaw'];UU;70;140;70;110;65;105;[]
Shaymin;['Grass'];['Natural Cure'];RU;100;100;100;100;100;100;['Shaymin-Sky']
Shaymin-Sky;['Flying', 'Grass'];['Serene Grace'];Uber;100;103;75;120;75;127;[]
Shedinja;['Bug', 'Ghost'];['Wonder Guard'];PU;1;90;45;30;30;40;[]
Shelgon;['Dragon'];['Overcoat', 'Rock Head'];;65;95;100;60;50;50;['Salamence']
Shellder;['Water'];['Overcoat', 'Shell Armor', 'Skill Link'];LC;30;65;100;45;25;40;['Cloyster']
Shellos;['Water'];['Sand Force', 'Sticky Hold', 'Storm Drain'];LC;76;48;48;57;62;34;['Gastrodon']
Shelmet;['Bug'];['Hydration', 'Overcoat', 'Shell Armor'];LC;50;40;85;40;65;25;['Accelgor']
Shieldon;['Rock', 'Steel'];['Soundproof', 'Sturdy'];LC;30;42;118;42;88;30;['Bastiodon']
Shiftry;['Dark', 'Grass'];['Chlorophyll', 'Early Bird', 'Pickpocket'];PU;90;100;60;90;60;80;[]
Shiinotic;['Grass', 'Fairy'];['Effect Spore', 'Illuminate', 'Rain Dish'];PU;60;45;80;90;100;30;[]
Shinx;['Electric'];['Guts', 'Intimidate', 'Rivalry'];LC;45;65;34;40;34;45;['Luxio']
Shroomish;['Grass'];['Effect Spore', 'Poison Heal', 'Quick Feet'];LC;60;40;60;40;60;35;['Breloom']
Shuckle;['Bug', 'Rock'];['Contrary', 'Gluttony', 'Sturdy'];PU;20;10;230;10;230;5;[]
Shuppet;['Ghost'];['Cursed Body', 'Frisk', 'Insomnia'];LC;44;75;35;63;33;45;['Banette']
Sigilyph;['Flying', 'Psychic'];['Magic Guard', 'Tinted Lens', 'Wonder Skin'];NU;72;58;80;103;80;97;[]
Silcoon;['Bug'];['Shed Skin'];;50;35;55;25;25;15;['Beautifly']
Silvally;['Normal'];['RKS System'];PU;95;95;95;95;95;95;['Silvally-Bug', 'Silvally-Dark', 'Silvally-Dragon', 'Silvally-Electric', 'Silvally-Fairy', 'Silvally-Fighting', 'Silvally-Fire', 'Silvally-Flying', 'Silvally-Ghost', 'Silvally-Grass', 'Silvally-Ground', 'Silvally-Ice', 'Silvally-Poison', 'Silvally-Psychic', 'Silvally-Rock', 'Silvally-Steel', 'Silvally-Water']
Silvally-Bug;['Bug'];['RKS System'];PU;95;95;95;95;95;95;[]
Silvally-Dark;['Dark'];['RKS System'];PU;95;95;95;95;95;95;[]
Silvally-Dragon;['Dragon'];['RKS System'];PU;95;95;95;95;95;95;[]
Silvally-Electric;['Electric'];['RKS System'];PU;95;95;95;95;95;95;[]
Silvally-Fairy;['Fairy'];['RKS System'];PU;95;95;95;95;95;95;[]
Silvally-Fighting;['Fighting'];['RKS System'];PU;95;95;95;95;95;95;[]
Silvally-Fire;['Fire'];['RKS System'];PU;95;95;95;95;95;95;[]
Silvally-Flying;['Flying'];['RKS System'];PU;95;95;95;95;95;95;[]
Silvally-Ghost;['Ghost'];['RKS System'];PU;95;95;95;95;95;95;[]
Silvally-Grass;['Grass'];['RKS System'];PU;95;95;95;95;95;95;[]
Silvally-Ground;['Ground'];['RKS System'];PU;95;95;95;95;95;95;[]
Silvally-Ice;['Ice'];['RKS System'];PU;95;95;95;95;95;95;[]
Silvally-Poison;['Poison'];['RKS System'];PU;95;95;95;95;95;95;[]
Silvally-Psychic;['Psychic'];['RKS System'];PU;95;95;95;95;95;95;[]
Silvally-Rock;['Rock'];['RKS System'];PU;95;95;95;95;95;95;[]
Silvally-Steel;['Steel'];['RKS System'];NU;95;95;95;95;95;95;[]
Silvally-Water;['Water'];['RKS System'];PU;95;95;95;95;95;95;[]
Simipour;['Water'];['Gluttony', 'Torrent'];PU;75;98;63;98;63;101;[]
Simisage;['Grass'];['Gluttony', 'Overgrow'];PU;75;98;63;98;63;101;[]
Simisear;['Fire'];['Blaze', 'Gluttony'];PU;75;98;63;98;63;101;[]
Skarmory;['Flying', 'Steel'];['Keen Eye', 'Sturdy', 'Weak Armor'];OU;65;80;140;40;70;70;[]
Skiddo;['Grass'];['Grass Pelt', 'Sap Sipper'];LC;66;65;48;62;57;52;['Gogoat']
Skiploom;['Flying', 'Grass'];['Chlorophyll', 'Infiltrator', 'Leaf Guard'];;55;45;50;45;65;80;['Jumpluff']
Skitty;['Normal'];['Cute Charm', 'Normalize', 'Wonder Skin'];LC;50;45;45;35;35;50;['Delcatty']
Skorupi;['Bug', 'Poison'];['Battle Armor', 'Keen Eye', 'Sniper'];LC;40;50;90;30;55;65;['Drapion']
Skrelp;['Poison', 'Water'];['Adaptability', 'Poison Point', 'Poison Touch'];LC;50;60;60;60;60;30;['Dragalge']
Skuntank;['Dark', 'Poison'];['Aftermath', 'Keen Eye', 'Stench'];PU;103;93;67;71;61;84;[]
Slaking;['Normal'];['Truant'];PU;150;160;100;95;65;100;[]
Slakoth;['Normal'];['Truant'];LC;60;60;60;35;35;30;['Vigoroth']
Sliggoo;['Dragon'];['Gooey', 'Hydration', 'Sap Sipper'];;68;75;53;83;113;60;['Goodra']
Slowbro;['Psychic', 'Water'];['Oblivious', 'Own Tempo', 'Regenerator'];NU;95;75;110;100;80;30;[]
Slowbro-Mega;['Water', 'Psychic'];['Shell Armor'];UU;95;75;180;130;80;30;[]
Slowking;['Psychic', 'Water'];['Oblivious', 'Own Tempo', 'Regenerator'];NU;95;75;80;100;110;30;[]
Slowpoke;['Psychic', 'Water'];['Oblivious', 'Own Tempo', 'Regenerator'];LC;90;65;65;40;40;15;['Slowbro', 'Slowking']
Slugma;['Fire'];['Flame Body', 'Magma Armor', 'Weak Armor'];LC;40;40;40;70;40;20;['Magcargo']
Slurpuff;['Fairy'];['Sweet Veil', 'Unburden'];NUBL;82;80;86;85;75;72;[]
Smeargle;['Normal'];['Moody', 'Own Tempo', 'Technician'];PU;55;20;35;20;45;75;[]
Smoochum;['Ice', 'Psychic'];['Forewarn', 'Hydration', 'Oblivious'];LC;45;30;15;85;65;65;['Jynx']
Sneasel;['Dark', 'Ice'];['Inner Focus', 'Keen Eye', 'Pickpocket'];NU;55;95;55;35;75;115;['Weavile']
Snivy;['Grass'];['Contrary', 'Overgrow'];LC;45;45;55;45;55;63;['Servine']
Snorlax;['Normal'];['Gluttony', 'Immunity', 'Thick Fat'];RU;160;110;65;65;110;30;[]
Snorunt;['Ice'];['Ice Body', 'Inner Focus', 'Moody'];LC;50;50;50;50;50;50;['Froslass', 'Glalie']
Snover;['Grass', 'Ice'];['Snow Warning', 'Soundproof'];LC;60;62;50;62;60;40;['Abomasnow']
Snubbull;['Fairy'];['Intimidate', 'Rattled', 'Run Away'];LC;60;80;50;40;40;30;['Granbull']
Solgaleo;['Psychic', 'Steel'];['Full Metal Body'];Uber;137;137;107;113;89;97;[]
Solosis;['Psychic'];['Magic Guard', 'Overcoat', 'Regenerator'];LC;45;30;40;105;50;20;['Duosion']
Solrock;['Psychic', 'Rock'];['Levitate'];PU;90;95;85;55;65;70;[]
Spearow;['Flying', 'Normal'];['Keen Eye', 'Sniper'];LC;40;60;30;31;31;70;['Fearow']
Spewpa;['Bug'];['Friend Guard', 'Shed Skin'];;45;22;60;27;30;29;['Vivillon']
Spheal;['Ice', 'Water'];['Ice Body', 'Oblivious', 'Thick Fat'];LC;70;40;50;55;50;25;['Sealeo']
Spinarak;['Bug', 'Poison'];['Insomnia', 'Sniper', 'Swarm'];LC;40;60;40;40;40;30;['Ariados']
Spinda;['Normal'];['Contrary', 'Own Tempo', 'Tangled Feet'];PU;60;60;60;60;60;60;[]
Spiritomb;['Dark', 'Ghost'];['Infiltrator', 'Pressure'];PU;50;92;108;92;108;35;[]
Spoink;['Psychic'];['Gluttony', 'Own Tempo', 'Thick Fat'];LC;60;25;35;70;80;60;['Grumpig']
Spritzee;['Fairy'];['Aroma Veil', 'Healer'];LC;78;52;60;63;65;23;['Aromatisse']
Squirtle;['Water'];['Rain Dish', 'Torrent'];LC;44;48;65;50;64;43;['Wartortle']
Stakataka;['Rock', 'Steel'];['Beast Boost'];UU;61;131;211;53;101;13;[]
Stantler;['Normal'];['Frisk', 'Intimidate', 'Sap Sipper'];PU;73;95;62;85;65;85;[]
Staraptor;['Flying', 'Normal'];['Intimidate', 'Reckless'];UUBL;85;120;70;50;60;100;[]
Staravia;['Flying', 'Normal'];['Intimidate', 'Reckless'];;55;75;50;40;40;80;['Staraptor']
Starly;['Flying', 'Normal'];['Keen Eye', 'Reckless'];LC;40;55;30;30;30;60;['Staravia']
Starmie;['Psychic', 'Water'];['Analytic', 'Illuminate', 'Natural Cure'];UU;60;75;85;100;85;115;[]
Staryu;['Water'];['Analytic', 'Illuminate', 'Natural Cure'];LC;30;45;55;70;55;85;['Starmie']
Steelix;['Ground', 'Steel'];['Rock Head', 'Sheer Force', 'Sturdy'];NU;75;85;200;55;65;30;[]
Steelix-Mega;['Steel', 'Ground'];['Sand Force'];RU;75;125;230;55;95;30;[]
Steenee;['Grass'];['Leaf Guard', 'Oblivious', 'Sweet Veil'];;52;40;48;40;48;62;['Tsareena']
Stoutland;['Normal'];['Intimidate', 'Sand Rush', 'Scrappy'];PU;85;110;90;45;90;80;[]
Stufful;['Normal', 'Fighting'];['Cute Charm', 'Fluffy', 'Klutz'];LC;70;75;50;45;50;50;['Bewear']
Stunfisk;['Electric', 'Ground'];['Limber', 'Sand Veil', 'Static'];PU;109;66;84;81;99;32;[]
Stunky;['Dark', 'Poison'];['Aftermath', 'Keen Eye', 'Stench'];LC;63;63;47;41;41;74;['Skuntank']
Sudowoodo;['Rock'];['Rattled', 'Rock Head', 'Sturdy'];PU;70;100;115;30;65;30;[]
Suicune;['Water'];['Pressure'];UU;100;75;115;90;115;85;[]
Sunflora;['Grass'];['Chlorophyll', 'Early Bird', 'Solar Power'];PU;75;75;55;105;85;30;[]
Sunkern;['Grass'];['Chlorophyll', 'Early Bird', 'Solar Power'];LC;30;30;30;30;30;30;['Sunflora']
Surskit;['Bug', 'Water'];['Rain Dish', 'Swift Swim'];LC;40;30;32;50;52;65;['Masquerain']
Swablu;['Flying', 'Normal'];['Cloud Nine', 'Natural Cure'];LC;45;40;60;40;75;50;['Altaria']
Swadloon;['Bug', 'Grass'];['Chlorophyll', 'Leaf Guard', 'Overcoat'];;55;63;90;50;80;42;['Leavanny']
Swalot;['Poison'];['Gluttony', 'Liquid Ooze', 'Sticky Hold'];PU;100;73;83;73;83;55;[]
Swampert;['Water', 'Ground'];['Damp', 'Torrent'];UU;100;110;90;85;90;60;[]
Swampert-Mega;['Water', 'Ground'];['Swift Swim'];OU;100;150;110;95;110;70;[]
Swanna;['Flying', 'Water'];['Big Pecks', 'Hydration', 'Keen Eye'];PU;75;87;63;87;63;98;[]
Swellow;['Flying', 'Normal'];['Guts', 'Scrappy'];RU;60;85;60;75;50;125;[]
Swinub;['Ground', 'Ice'];['Oblivious', 'Snow Cloak', 'Thick Fat'];LC;50;50;40;30;30;50;['Piloswine']
Swirlix;['Fairy'];['Sweet Veil', 'Unburden'];;62;48;66;59;57;49;['Slurpuff']
Swoobat;['Flying', 'Psychic'];['Klutz', 'Simple', 'Unaware'];PU;67;57;55;77;55;114;[]
Sylveon;['Fairy'];['Cute Charm', 'Pixilate'];UU;95;65;65;110;130;60;[]
Taillow;['Flying', 'Normal'];['Guts', 'Scrappy'];LC;40;55;30;30;30;85;['Swellow']
Talonflame;['Fire', 'Flying'];['Flame Body', 'Gale Wings'];RUBL;78;81;71;74;69;126;[]
Tangela;['Grass'];['Chlorophyll', 'Leaf Guard', 'Regenerator'];;65;55;115;100;40;60;['Tangrowth']
Tangrowth;['Grass'];['Chlorophyll', 'Leaf Guard', 'Regenerator'];OU;100;100;125;110;50;50;[]
Tapu Bulu;['Grass', 'Fairy'];['Grassy Surge', 'Telepathy'];OU;70;130;115;85;95;75;[]
Tapu Fini;['Water', 'Fairy'];['Misty Surge', 'Telepathy'];OU;70;75;115;95;130;85;[]
Tapu Koko;['Electric', 'Fairy'];['Electric Surge', 'Telepathy'];OU;70;115;85;95;75;130;[]
Tapu Lele;['Psychic', 'Fairy'];['Psychic Surge', 'Telepathy'];OU;70;85;75;130;115;95;[]
Tauros;['Normal'];['Anger Point', 'Intimidate', 'Sheer Force'];PUBL;75;100;95;40;70;110;[]
Teddiursa;['Normal'];['Honey Gather', 'Pickup', 'Quick Feet'];LC;60;80;50;50;50;40;['Ursaring']
Tentacool;['Poison', 'Water'];['Clear Body', 'Liquid Ooze', 'Rain Dish'];LC;40;40;35;50;100;70;['Tentacruel']
Tentacruel;['Poison', 'Water'];['Clear Body', 'Liquid Ooze', 'Rain Dish'];UU;80;70;65;80;120;100;[]
Tepig;['Fire'];['Blaze', 'Thick Fat'];LC;65;63;45;45;45;45;['Pignite']
Terrakion;['Fighting', 'Rock'];['Justified'];UU;91;129;90;72;90;108;[]
Throh;['Fighting'];['Guts', 'Inner Focus', 'Mold Breaker'];PU;120;100;85;30;85;45;[]
Thundurus;['Electric', 'Flying'];['Defiant', 'Prankster'];UUBL;79;115;70;125;80;111;['Thundurus-Therian']
Thundurus-Therian;['Electric', 'Flying'];['Volt Absorb'];UUBL;79;105;70;145;80;101;[]
Timburr;['Fighting'];['Guts', 'Iron Fist', 'Sheer Force'];LC;75;80;55;25;35;35;['Gurdurr']
Tirtouga;['Rock', 'Water'];['Solid Rock', 'Sturdy', 'Swift Swim'];LC;54;78;103;53;45;22;['Carracosta']
Togedemaru;['Electric', 'Steel'];['Iron Barbs', 'Lightning Rod', 'Sturdy'];PU;65;98;63;40;73;96;[]
Togekiss;['Flying', 'Fairy'];['Hustle', 'Serene Grace', 'Super Luck'];UU;85;50;95;120;115;80;[]
Togepi;['Fairy'];['Hustle', 'Serene Grace', 'Super Luck'];LC;35;20;65;40;65;20;['Togetic']
Togetic;['Fairy', 'Flying'];['Hustle', 'Serene Grace', 'Super Luck'];PU;55;40;85;80;105;40;['Togekiss']
Torchic;['Fire'];['Blaze', 'Speed Boost'];;45;60;40;70;50;45;['Combusken']
Torkoal;['Fire'];['Drought', 'Shell Armor', 'White Smoke'];PU;70;85;140;85;70;20;[]
Tornadus;['Flying'];['Defiant', 'Prankster'];RUBL;79;115;70;125;80;111;['Tornadus-Therian']
Tornadus-Therian;['Flying'];['Regenerator'];OU;79;100;80;110;90;121;[]
Torracat;['Fire'];['Blaze', 'Intimidate'];;65;85;50;80;50;90;['Incineroar']
Torterra;['Grass', 'Ground'];['Overgrow', 'Shell Armor'];PU;95;109;105;75;85;56;[]
Totodile;['Water'];['Sheer Force', 'Torrent'];LC;50;65;64;44;48;43;['Croconaw']
Toucannon;['Normal', 'Flying'];['Keen Eye', 'Sheer Force', 'Skill Link'];PU;80;120;75;75;75;60;[]
Toxapex;['Poison', 'Water'];['Limber', 'Merciless', 'Regenerator'];OU;50;63;152;53;142;35;[]
Toxicroak;['Fighting', 'Poison'];['Anticipation', 'Dry Skin', 'Poison Touch'];NU;83;106;65;86;65;85;[]
Tranquill;['Flying', 'Normal'];['Big Pecks', 'Rivalry', 'Super Luck'];;62;77;62;50;42;65;['Unfezant']
Trapinch;['Ground'];['Arena Trap', 'Hyper Cutter', 'Sheer Force'];LC;45;100;45;45;45;10;['Vibrava']
Treecko;['Grass'];['Overgrow', 'Unburden'];LC;40;45;35;65;55;70;['Grovyle']
Trevenant;['Ghost', 'Grass'];['Frisk', 'Harvest', 'Natural Cure'];PU;85;110;76;65;82;56;[]
Tropius;['Flying', 'Grass'];['Chlorophyll', 'Harvest', 'Solar Power'];PU;99;68;83;72;87;51;[]
Trubbish;['Poison'];['Aftermath', 'Stench', 'Sticky Hold'];LC;50;50;62;40;62;65;['Garbodor']
Trumbeak;['Normal', 'Flying'];['Keen Eye', 'Pickup', 'Skill Link'];;55;85;50;40;50;75;['Toucannon']
Tsareena;['Grass'];['Leaf Guard', 'Queenly Majesty', 'Sweet Veil'];RU;72;120;98;50;98;72;[]
Turtonator;['Fire', 'Dragon'];['Shell Armor'];PU;60;78;135;91;85;36;[]
Turtwig;['Grass'];['Overgrow', 'Shell Armor'];LC;55;68;64;45;55;31;['Grotle']
Tympole;['Water'];['Hydration', 'Swift Swim', 'Water Absorb'];LC;50;50;40;50;40;64;['Palpitoad']
Tynamo;['Electric'];['Levitate'];LC;35;55;40;45;40;60;['Eelektrik']
Type: Null;['Normal'];['Battle Armor'];PU;95;95;95;95;95;59;['Silvally']
Typhlosion;['Fire'];['Blaze', 'Flash Fire'];PUBL;78;84;78;109;85;100;[]
Tyranitar;['Dark', 'Rock'];['Sand Stream', 'Unnerve'];OU;100;134;110;95;100;61;[]
Tyranitar-Mega;['Rock', 'Dark'];['Sand Stream'];OU;100;164;150;95;120;71;[]
Tyrantrum;['Rock', 'Dragon'];['Rock Head', 'Strong Jaw'];RU;82;121;119;69;59;71;[]
Tyrogue;['Fighting'];['Guts', 'Steadfast', 'Vital Spirit'];LC;35;35;35;35;35;35;['Hitmonchan', 'Hitmonlee', 'Hitmontop']
Tyrunt;['Rock', 'Dragon'];['Strong Jaw', 'Sturdy'];LC;58;89;77;45;45;48;['Tyrantrum']
Umbreon;['Dark'];['Inner Focus', 'Synchronize'];RU;95;65;110;60;130;65;[]
Unfezant;['Flying', 'Normal'];['Big Pecks', 'Rivalry', 'Super Luck'];PU;80;115;80;65;55;93;[]
Unown;['Psychic'];['Levitate'];PU;48;72;48;72;48;48;[]
Ursaring;['Normal'];['Guts', 'Quick Feet', 'Unnerve'];PU;90;130;75;75;75;55;[]
Uxie;['Psychic'];['Levitate'];NU;75;75;130;75;130;95;[]
Vanillish;['Ice'];['Ice Body', 'Snow Cloak', 'Weak Armor'];;51;65;65;80;75;59;['Vanilluxe']
Vanillite;['Ice'];['Ice Body', 'Snow Cloak', 'Weak Armor'];LC;36;50;50;65;60;44;['Vanillish']
Vanilluxe;['Ice'];['Ice Body', 'Snow Warning', 'Weak Armor'];NU;71;95;85;110;95;79;[]
Vaporeon;['Water'];['Hydration', 'Water Absorb'];NU;130;65;60;110;95;65;[]
Venipede;['Bug', 'Poison'];['Poison Point', 'Speed Boost', 'Swarm'];LC;30;45;59;30;39;57;['Whirlipede']
Venomoth;['Bug', 'Poison'];['Shield Dust', 'Tinted Lens', 'Wonder Skin'];RUBL;70;65;60;90;75;90;[]
Venonat;['Bug', 'Poison'];['Compound Eyes', 'Run Away', 'Tinted Lens'];LC;60;55;50;40;55;45;['Venomoth']
Venusaur;['Grass', 'Poison'];['Chlorophyll', 'Overgrow'];NU;80;82;83;100;100;80;[]
Venusaur-Mega;['Grass', 'Poison'];['Thick Fat'];OU;80;100;123;122;120;80;[]
Vespiquen;['Bug', 'Flying'];['Pressure', 'Unnerve'];PU;70;80;102;80;102;40;[]
Vibrava;['Dragon', 'Ground'];['Levitate'];;50;70;50;50;50;70;['Flygon']
Victini;['Fire', 'Psychic'];['Victory Star'];OU;100;100;100;100;100;100;[]
Victreebel;['Grass', 'Poison'];['Chlorophyll', 'Gluttony'];PU;80;105;65;100;70;70;[]
Vigoroth;['Normal'];['Vital Spirit'];;80;80;80;55;55;90;['Slaking']
Vikavolt;['Bug', 'Electric'];['Levitate'];NU;77;70;90;145;75;43;[]
Vileplume;['Grass', 'Poison'];['Chlorophyll', 'Effect Spore'];NU;75;80;85;110;90;50;[]
Virizion;['Fighting', 'Grass'];['Justified'];RU;91;90;72;90;129;108;[]
Vivillon;['Bug', 'Flying'];['Compound Eyes', 'Friend Guard', 'Shield Dust'];NU;80;52;50;90;50;89;[]
Volbeat;['Bug'];['Illuminate', 'Prankster', 'Swarm'];PU;65;73;75;47;85;85;[]
Volcanion;['Fire', 'Water'];['Water Absorb'];UU;80;110;120;130;90;70;[]
Volcarona;['Bug', 'Fire'];['Flame Body', 'Swarm'];OU;85;60;65;135;105;100;[]
Voltorb;['Electric'];['Aftermath', 'Soundproof', 'Static'];LC;40;30;50;55;55;100;['Electrode']
Vullaby;['Dark', 'Flying'];['Big Pecks', 'Overcoat', 'Weak Armor'];LC;70;55;75;45;65;60;['Mandibuzz']
Vulpix;['Fire'];['Drought', 'Flash Fire'];;38;41;40;50;65;65;['Ninetales']
Vulpix-Alola;['Ice'];['Snow Cloak', 'Snow Warning'];LC;38;41;40;50;65;65;['Ninetales-Alola']
Wailmer;['Water'];['Oblivious', 'Pressure', 'Water Veil'];LC;130;70;35;70;35;60;['Wailord']
Wailord;['Water'];['Oblivious', 'Pressure', 'Water Veil'];PU;170;90;45;90;45;60;[]
Walrein;['Ice', 'Water'];['Ice Body', 'Oblivious', 'Thick Fat'];PU;110;80;90;95;90;65;[]
Wartortle;['Water'];['Rain Dish', 'Torrent'];;59;63;80;65;80;58;['Blastoise']
Watchog;['Normal'];['Analytic', 'Illuminate', 'Keen Eye'];PU;60;85;69;60;69;77;[]
Weavile;['Dark', 'Ice'];['Pickpocket', 'Pressure'];UUBL;70;120;65;45;85;125;[]
Weedle;['Bug', 'Poison'];['Run Away', 'Shield Dust'];LC;40;35;30;20;20;50;['Kakuna']
Weepinbell;['Grass', 'Poison'];['Chlorophyll', 'Gluttony'];;65;90;50;85;45;55;['Victreebel']
Weezing;['Poison'];['Levitate'];PU;65;90;120;85;70;60;[]
Whimsicott;['Grass', 'Fairy'];['Chlorophyll', 'Infiltrator', 'Prankster'];NU;60;67;85;77;75;116;[]
Whirlipede;['Bug', 'Poison'];['Poison Point', 'Speed Boost', 'Swarm'];;40;55;99;40;79;47;['Scolipede']
Whiscash;['Ground', 'Water'];['Anticipation', 'Hydration', 'Oblivious'];PU;110;78;73;76;71;60;[]
Whismur;['Normal'];['Rattled', 'Soundproof'];LC;64;51;23;51;23;28;['Loudred']
Wigglytuff;['Normal', 'Fairy'];['Competitive', 'Cute Charm', 'Frisk'];PU;140;70;45;85;50;45;[]
Wimpod;['Bug', 'Water'];['Wimp Out'];LC;25;35;40;20;30;80;['Golisopod']
Wingull;['Flying', 'Water'];['Hydration', 'Keen Eye', 'Rain Dish'];LC;40;30;30;55;30;85;['Pelipper']
Wishiwashi;['Water'];['Schooling'];PU;45;20;20;25;25;40;[]
Wishiwashi-School;['Water'];['Schooling'];PU;45;140;130;140;135;30;[]
Wobbuffet;['Psychic'];['Shadow Tag', 'Telepathy'];PU;190;33;58;33;58;33;[]
Woobat;['Flying', 'Psychic'];['Klutz', 'Simple', 'Unaware'];LC;65;45;43;55;43;72;['Swoobat']
Wooper;['Ground', 'Water'];['Damp', 'Unaware', 'Water Absorb'];LC;55;45;45;25;25;15;['Quagsire']
Wormadam;['Bug', 'Grass'];['Anticipation', 'Overcoat'];PU;60;59;85;79;105;36;[]
Wormadam-Sandy;['Bug', 'Ground'];['Anticipation', 'Overcoat'];PU;60;79;105;59;85;36;[]
Wormadam-Trash;['Bug', 'Steel'];['Anticipation', 'Overcoat'];PU;60;69;95;69;95;36;[]
Wurmple;['Bug'];['Run Away', 'Shield Dust'];LC;45;45;35;20;30;20;['Cascoon', 'Silcoon']
Wynaut;['Psychic'];['Shadow Tag', 'Telepathy'];LC;95;23;48;23;48;23;['Wobbuffet']
Xatu;['Flying', 'Psychic'];['Early Bird', 'Magic Bounce', 'Synchronize'];NU;65;75;70;95;70;95;[]
Xerneas;['Fairy'];['Fairy Aura'];Uber;126;131;95;131;98;99;[]
Xurkitree;['Electric'];['Beast Boost'];UUBL;83;89;71;173;71;83;[]
Yamask;['Ghost'];['Mummy'];LC;38;30;85;55;65;30;['Cofagrigus']
Yanma;['Bug', 'Flying'];['Compound Eyes', 'Frisk', 'Speed Boost'];;65;65;45;75;45;95;['Yanmega']
Yanmega;['Bug', 'Flying'];['Frisk', 'Speed Boost', 'Tinted Lens'];RU;86;76;86;116;56;95;[]
Yungoos;['Normal'];['Adaptability', 'Stakeout', 'Strong Jaw'];LC;48;70;30;30;30;45;['Gumshoos']
Yveltal;['Dark', 'Flying'];['Dark Aura'];Uber;126;131;95;131;98;99;[]
Zangoose;['Normal'];['Immunity', 'Toxic Boost'];PU;73;115;60;60;60;90;[]
Zapdos;['Electric', 'Flying'];['Pressure', 'Static'];OU;90;90;85;125;90;100;[]
Zebstrika;['Electric'];['Lightning Rod', 'Motor Drive', 'Sap Sipper'];PU;75;100;63;80;63;116;[]
Zekrom;['Dragon', 'Electric'];['Teravolt'];Uber;100;150;120;120;100;90;[]
Zeraora;['Electric'];['Volt Absorb'];Limbo;88;112;75;102;80;143;[]
Zigzagoon;['Normal'];['Gluttony', 'Pickup', 'Quick Feet'];LC;38;30;41;30;41;60;['Linoone']
Zoroark;['Dark'];['Illusion'];RUBL;60;105;60;120;60;105;[]
Zorua;['Dark'];['Illusion'];LC;40;65;40;80;40;65;['Zoroark']
Zubat;['Flying', 'Poison'];['Infiltrator', 'Inner Focus'];LC;40;45;35;30;40;55;['Golbat']
Zweilous;['Dark', 'Dragon'];['Hustle'];;72;85;70;65;70;58;['Hydreigon']
Zygarde;['Dragon', 'Ground'];['Aura Break', 'Power Construct'];OU;108;100;121;81;95;95;['Zygarde-10%', 'Zygarde-Complete']
Zygarde-10%;['Dragon', 'Ground'];['Aura Break', 'Power Construct'];RU;54;100;71;61;85;115;[]
Zygarde-Complete;['Dragon', 'Ground'];['Power Construct'];Uber;216;100;121;91;95;85;[]
